id,name,pubchem_compound_id
1,1-propanol,1031
2,17-alpha-hydroxyprogesterone,6238
3,17d-204 strain,-1
4,2,-1
5,2-hydroxyethyl methacrylate,13360
6,2008 antigen,-1
7,3,-1
8,3'-diindolylmethane,-1
9,3-dimercapto-1-propanesulfonic acid,-1
10,4-aminobenzoate,4876
11,5-hydroxytryptophan,144
12,6-aminocaproic acid,564
13,60,-1
14,85 strontium,-1
15,a,-1
16,a-california-7-2009 (h1n1)-like virus,-1
17,a-victoria-361-2011 (h3n2)-like virus,-1
18,abacavir,441300
19,abaloparatide,76943386
20,abarelix,16131215
21,abatacept,-1
22,abciximab,-1
23,abemaciclib,46220502
24,abiraterone,132971
25,acai oil,-1
26,acalabrutinib,71226662
27,acamprosate,71158
28,acarbose,41774
29,acebutolol,1978
30,aceclofenac,71771
31,aceglutamide,182230
32,acemetacin,1981
33,acenocoumarol,54676537
34,acepromazine,6077
35,aceprometazine,26035
36,acetaminophen,1983
37,acetate,175
38,acetazolamide,1986
39,acetic acid,176
40,acetohydroxamic acid,1990
41,acetone,180
42,acetyl salicylate,-1
43,acetylcarnitine,7045767
44,acetylcholine,187
45,acetylcysteine,12035
46,acetyldigitoxin,5284512
47,acetylsalicylsalicylic acid,10745
48,acipimox,5310993
49,acitretin,5284513
50,aclarubicin,451415
51,aclidinium,11434515
52,aconite,-1
53,aconitine,245005
54,acrivastine,5284514
55,activated charcoal,5462310
56,acyclovir,135398513
57,adalimumab,-1
58,adapalene,60164
59,adefovir,60172
60,adenine,190
61,adenosine,60961
62,adenosine triphosphate,5957
63,ado-trastuzumab emtansine,-1
64,adrenal cortex extract,-1
65,aesculus hippocastanum leaf extract,-1
66,afatinib,10184653
67,aflibercept,-1
68,agalsidase beta,-1
69,aggregated,-1
70,agkistrodon piscivorus antivenin,-1
71,air,18218409
72,ajmaline,6100671
73,albendazole,2082
74,albiglutide,122173812
75,albumin,-1
76,albumin human,-1
77,albuterol,2083
78,albutrepenonacog alfa,-1
79,alcaftadine,19371515
80,alclometasone,5311000
81,alcuronium,21158560
82,aldesleukin,-1
83,aldioxa,16683101
84,aldosterone,5839
85,alectinib,49806720
86,alefacept,-1
87,alemtuzumab,-1
88,alendronate,2088
89,alfacalcidol,5282181
90,alfalfa oil,-1
91,alfatradiol,68570
92,alfentanil,51263
93,alfuzosin,2092
94,algestone,11687
95,alginate,-1
96,alginic acid,6850754
97,alglucerase,-1
98,alglucosidase alfa,-1
99,alibendol,71916
100,alirocumab,-1
101,aliskiren,5493444
102,alitretinoin,449171
103,alizapride,135413504
104,allantoin,204
105,allopurinol,135401907
106,allylestrenol,235905
107,almitrine,33887
108,almond oil,-1
109,almotriptan,123606
110,aloe extract,-1
111,aloe polysaccharide,-1
112,aloe vera leaf extract,-1
113,alogliptin,11450633
114,alosetron,2099
115,aloxiprin,71586929
116,alpelisib,56649450
117,alpha,-1
118,alpha 1-antitrypsin,-1
119,alpha hydroxy acids,-1
120,alpha tocopherol,14985
121,alpha-d-galactosidase enzyme,-1
122,alprazolam,2118
123,alprenolol,2119
124,alprostadil,5280723
125,alteplase,-1
126,althiazide,2122
127,altrenogest,10041070
128,altretamine,2123
129,aluminum,5359268
130,aluminum acetate,8757
131,aluminum acetate otic solution,-1
132,aluminum chloride,24012
133,aluminum chlorohydrate,6328160
134,aluminum hydroxide,10176082
135,aluminum hydroxide oral tablet,-1
136,aluminum magnesium silicate,-1
137,aluminum phosphate,64655
138,aluminum sesquichlorohydrate,23053647
139,aluminum silicate,-1
140,aluminum sulfate,24850
141,aluminum zirconium tetrachlorohydrex gly,-1
142,aluminum zirconium trichlorohydrex gly,-1
143,alverine,3678
144,alvimopan,5488548
145,amantadine,2130
146,ambenonium,2131
147,amber,-1
148,ambrisentan,6918493
149,ambroxol,2132
150,amcinonide,443958
151,amdinocillin,36273
152,amdinocillin pivoxil,115163
153,american house dust mite allergenic extract,-1
154,amezinium,71927
155,amifampridine,5918
156,amifostine,2141
157,amikacin,37768
158,amikacin liposomal,-1
159,amiloride,16231
160,aminolevulinate,137
161,aminolevulinic acid,137
162,aminophylline,9433
163,aminopyrine,6009
164,aminosalicylate,-1
165,aminosalicylic acid,4649
166,amiodarone,2157
167,amisulpride,2159
168,amitriptyline,2160
169,amlexanox,2161
170,amlodipine,2162
171,amlodipine oral tablet,-1
172,ammonia,222
173,ammonia n-13,119432
174,ammonium,223
175,ammonium acetate,517165
176,ammonium bromide,25514
177,ammonium chloride,25517
178,ammonium hydroxide,14923
179,amobarbital,2164
180,amodiaquine,2165
181,amonafide,50515
182,amorolfine,54260
183,amoxapine,2170
184,amoxicillin,33613
185,amphetamine,3007
186,amphotericin,5280965
187,amphotericin b,5280965
188,amphotericin b lipid complex,118705500
189,amphotericin b liposomal,5386092
190,ampicillin,6249
191,amprenavir,65016
192,amsacrine,2179
193,amygdalin,656516
194,amyl nitrite,10026
195,amylocaine,10767
196,amylopectin,439207
197,anagrelide,135409400
198,anakinra,139595263
199,anastrozole,2187
200,andexanet alfa,-1
201,androstenedione,6128
202,anethole,637563
203,anethole trithione,2194
204,angiotensin ii,172198
205,anhydrous,-1
206,anidulafungin,166548
207,aniracetam,2196
208,anisindione,2197
209,antazoline,2200
210,anthralin,2202
211,anthrax vaccine adsorbed,-1
212,anti-inhibitor coagulant complex,-1
213,antilymphocyte immunoglobulin,-1
214,antimony,5354495
215,antioxidant 119,163763
216,antipyrine,2206
217,antithrombin iii,-1
218,apalutamide,24872560
219,apazone,26098
220,apixaban,10182969
221,apomorphine,6005
222,apple cider vinegar,-1
223,apple pectin,-1
224,apraclonidine,2216
225,apremilast,11561674
226,aprepitant,135413536
227,aprindine,2218
228,aprotinin,16130295
229,arachidonate,444899
230,arbekacin,68682
231,arbutin,440936
232,arformoterol,3083544
233,argan oil,-1
234,argatroban,92722
235,arginine,6322
236,argon,23968
237,aripiprazole,60795
238,aripiprazole lauroxil,49831411
239,armodafinil,9690109
240,arsenic,5359596
241,arsenic triiodide,24575
242,arsenic trioxide,-1
243,artemether,68911
244,artesunate,6917864
245,articaine,32170
246,ascorbic acid,54670067
247,asenapine,3036780
248,asfotase alfa,-1
249,asparaginase,-1
250,asparagine,6267
251,aspart,-1
252,aspartame,134601
253,aspartate,5960
254,aspartic acid,5960
255,aspergillus fumigatus,-1
256,aspirin,2244
257,aspirin oral powder,-1
258,aspirin oral tablet,-1
259,astaxanthin,5281224
260,astemizole,2247
261,asunaprevir,16076883
262,atazanavir,148192
263,atenolol,2249
264,atezolizumab,-1
265,atomoxetine,54841
266,atorvastatin,60823
267,atorvastatin oral tablet,-1
268,atosiban,5311010
269,atovaquone,74989
270,atracurium,47319
271,atropine,174174
272,attapulgite,-1
273,auranofin,24199313
274,aurothioglucose,454937
275,aurothiomalate,134577
276,autologous cultured chondrocytes,-1
277,avanafil,9869929
278,avatrombopag,9852519
279,avelumab,-1
280,avibactam,9835049
281,axicabtagene ciloleucel,-1
282,axitinib,6450551
283,azacitidine,9444
284,azatadine,19861
285,azathioprine,2265
286,azelastine,2267
287,azelate,2266
288,azficel-t,-1
289,azilsartan,135415867
290,azintamide,71105
291,azithromycin,447043
292,azlocillin,6479523
293,azosemide,2273
294,aztreonam,5742832
295,b,5462311
296,b-massachusetts-2-2012-like virus nasal,-1
297,bacampicillin,441397
298,bacillus cereus,-1
299,bacillus coagulans,-1
300,bacillus subtilis,3083711
301,bacitracin,-1
302,baclofen,2284
303,baloxavir marboxil,124081896
304,balsalazide,54585
305,bambuterol,54766
306,bamifylline,16229
307,barbexaclone,71196
308,barbital,2294
309,baricitinib,44205240
310,barium,5355457
311,barium sulfate,24414
312,basiliximab,-1
313,batilol,3681
314,bay leaf oil,-1
315,bazedoxifene,154257
316,bcg,-1
317,becaplermin,-1
318,beclamide,10391
319,beclomethasone,20469
320,bedaquiline,5388906
321,bee pollen,-1
322,beef,-1
323,beeswax,-1
324,belatacept,-1
325,belimumab,-1
326,belinostat,6918638
327,belladonna alkaloids,-1
328,belladonna extract,-1
329,belladonna leaf extract,-1
330,bemiparin,772
331,benazepril,5362124
332,benazepril oral capsule,-1
333,bencyclane,2312
334,bendamustine,65628
335,bendroflumethiazide,2315
336,benfluorex,2318
337,benorilate,21102
338,benoxinate,4633
339,benperidol,16363
340,benproperine,2326
341,benralizumab,-1
342,benserazide,2327
343,bentonite,-1
344,benzalkonium,-1
345,benzbromarone,2333
346,benzbromarone oral tablet,-1
347,benzene,241
348,benzenesulfonic acid,7371
349,benzethonium,2335
350,benznidazole,31593
351,benzoate,242
352,benzocaine,2337
353,benzocaine otic solution,-1
354,benzoin resin,8400
355,benzonatate,7699
356,benzophenone,3102
357,benzoyl peroxide,7187
358,benzoyl peroxide topical gel,-1
359,benzphetamine,5311017
360,benzthiazide,2343
361,benztropine,1201549
362,benzydamine,12555
363,benzyl alcohol,244
364,benzyl benzoate,2345
365,benzylpenicilloyl polylysine,45266800
366,benzylthiouracil,685814
367,bepotastine,164522
368,bepridil,2351
369,beractant,-1
370,berberine,2353
371,bergamot oil,-1
372,besifloxacin,10178705
373,beta carotene,5280489
374,beta sitosterol,222284
375,beta-alanine,239
376,betahistine,2366
377,betaine,247
378,betamethasone,9782
379,betaxolol,2369
380,bethanechol,2370
381,bethanidine,2368
382,betrixaban,10275777
383,bevacizumab,-1
384,bexarotene,82146
385,bezafibrate,39042
386,bezlotoxumab,-1
387,bicalutamide,2375
388,bicisate,72048
389,biclotymol,71878
390,bictegravir,90311989
391,bifidobacterium animalis,-1
392,bifidobacterium bifidum,-1
393,bifidobacterium infantis,-1
394,bifidobacterium longum,9047
395,bifonazole,2378
396,biguanide,5939
397,bile salts,439520
398,bimatoprost,5311027
399,binimetinib,10288191
400,biotin,171548
401,biotin oral tablet,-1
402,biperiden,2381
403,bisabolol,1549992
404,bisacodyl,2391
405,bismuth,5359367
406,bismuth oxide,-1
407,bismuth oxychloride,6328152
408,bismuth subcarbonate,16683095
409,bismuth subcitrate,10101269
410,bismuth subgallate,16682999
411,bismuth subsalicylate,16682734
412,bismuth tribromophenate,-1
413,bisoprolol,2405
414,bitolterol,35330
415,bitter orange oil,-1
416,bivalirudin,16129704
417,black cohosh extract,-1
418,black currant oil,-1
419,bleomycin,5360373
420,blinatumomab,-1
421,blueberry extract,-1
422,boceprevir,10324367
423,bone meal,-1
424,borage oil,-1
425,boric acid,7628
426,bornaprine,30160
427,boron,5462311
428,bortezomib,387447
429,bosentan,104865
430,bosentan monohydrate,185462
431,bosutinib,5328940
432,botulinum toxin type a,-1
433,botulinum toxin type b,-1
434,botulism antitoxin a,-1
435,botulism immune globulin iv human,-1
436,bremelanotide,9941379
437,brentuximab vedotin,-1
438,brexanolone,92786
439,brexpiprazole,11978813
440,brigatinib,68165256
441,brilliant blue g,6324599
442,brimonidine,2435
443,brinzolamide,68844
444,brinzolamide ophthalmic suspension,-1
445,brisbane,-1
446,brivaracetam,9837243
447,brivudine,446727
448,brodalumab,-1
449,bromazepam,2441
450,bromelains,-1
451,bromfenac,60726
452,bromhexine,2442
453,bromocriptine,31101
454,bromopride,2446
455,bromperidol,2448
456,brompheniramine,6834
457,bronopol,2450
458,brotizolam,2451
459,brown mixture,-1
460,buclizine,6729
461,budesonide,5281004
462,budipine,68778
463,bufexamac,2466
464,buflomedil,2467
465,bumetanide,2471
466,bunazosin,2472
467,bupivacaine,2474
468,bupivacaine liposome,-1
469,bupranolol,2475
470,buprenorphine,644073
471,bupropion,444
472,burosumab,-1
473,buserelin,50225
474,buspirone,2477
475,busulfan,2478
476,butabarbital,2479
477,butabarbital oral tablet,-1
478,butalbital,2481
479,butalbital oral tablet,-1
480,butamirate,28892
481,butane,7843
482,butcher's broom preparation,-1
483,butenafine,2484
484,butobarbital,6473
485,butoconazole,47472
486,butorphanol,5361092
487,butylated hydroxyanisole,-1
488,butylscopolamine,160883
489,butyrate,104775
490,c1 esterase inhibitor,-1
491,cabazitaxel,9854073
492,cabergoline,54746
493,cabozantinib,25102847
494,cadexomer iodine,-1
495,cafedrine,71740
496,caffeic acid,689043
497,caffeine,2519
498,caffeine delayed release oral tablet,-1
499,caffeine effervescent oral tablet,-1
500,caffeine oral powder,-1
501,caffeine oral solution,-1
502,caffeine oral tablet,-1
503,calamine,23083748
504,calcifediol,5283731
505,calcipotriene,5288783
506,calcipotriene topical lotion,-1
507,calcitonin,16220016
508,calcitriol,5280453
509,calcium,5460341
510,calcium acetate,6116
511,calcium alginate,44630049
512,calcium ascorbate,54682536
513,calcium aspartate,30465
514,calcium bicarbonate,10176262
515,calcium carbimide,56955933
516,calcium carbonate,10112
517,calcium chloride,24844
518,calcium citrate,13136
519,calcium fluoride,84512
520,calcium glubionate,25557
521,calcium gluconate,9290
522,calcium glycerophosphate,120096
523,calcium hydroxide,6093208
524,calcium iodide,5462722
525,calcium lactate,13144
526,calcium orotate,89722
527,calcium oxide,14778
528,calcium phosphate,24456
529,calcium polycarbophil,-1
530,calcium sulfate,24497
531,calcium threonate,13388558
532,calfactant,-1
533,calomel,24956
534,camphor,2537
535,canagliflozin,24812758
536,canakinumab,-1
537,candesartan,2541
538,candida albicans,-1
539,cangrelor,9854012
540,cannabidiol,644019
541,cannabinol,2543
542,cannabis sativa seed oil,-1
543,canola oil,-1
544,canrenoate,656615
545,canrenoic acid,656615
546,canrenone,13789
547,cantharidin,5944
548,capecitabine,60953
549,caplacizumab,-1
550,capreomycin,135483770
551,capsaicin,1548943
552,capsicum oleoresin,-1
553,capsular polysaccharide inactivated tetanus toxoid conjugate vaccine,-1
554,captopril,44093
555,caramiphen,6472
556,carbachol,5831
557,carbamazepine,2554
558,carbamide peroxide,31294
559,carbazochrome,2557
560,carbenicillin,20824
561,carbenoxolone,636403
562,carbidopa,34359
563,carbimazole,31072
564,carbinoxamine,2564
565,carbocysteine,193653
566,carbomer,6581
567,carbomer 1342,8314
568,carbon dioxide,280
569,carbon monoxide,281
570,carboplatin,426756
571,carboprost,5281075
572,carboxymethylcellulose,24748
573,carfilzomib,11556711
574,carglumic acid,121396
575,cariprazine,11154555
576,carisoprodol,2576
577,carisoprodol oral tablet,-1
578,carmustine,2578
579,carnitine,288
580,carnosine,439224
581,carpipramine,2580
582,carprofen,2581
583,carteolol,2583
584,carvedilol,2585
585,casanthranol,51371307
586,cascara sagrada,-1
587,caspofungin,2826718
588,castor oil,14030006
589,cedar leaf oil,-1
590,cefaclor,51039
591,cefadroxil,47965
592,cefamandole,456255
593,cefatrizine,6410758
594,cefazolin,33255
595,cefdinir,6915944
596,cefditoren,9870843
597,cefepime,5479537
598,cefixime,5362065
599,cefmetazole,42008
600,cefodizime,5361871
601,cefonicid,43594
602,cefoperazone,44187
603,cefotaxime,5742673
604,cefotetan,53025
605,cefotiam,43708
606,cefoxitin,441199
607,cefpirome,5479539
608,cefpodoxime,6335986
609,cefprozil,5281006
610,ceftaroline,-1
611,ceftaroline fosamil,9852981
612,ceftazidime,5481173
613,ceftibuten,5282242
614,ceftiofur,6328657
615,ceftizoxime,6533629
616,ceftolozane,56843746
617,ceftriaxone,5479530
618,cefuroxime,5479529
619,celecoxib,2662
620,celery seed extract,177972
621,celiprolol,2663
622,cellulase,440950
623,cellulose,16211032
624,cemiplimab,-1
625,cenegermin,-1
626,centruroides (scorpion) immune f(ab')2 (equine),-1
627,cephalexin,27447
628,cephaloridine,5773
629,cephalothin,6024
630,cephapirin,30699
631,cephradine,38103
632,ceramide 2,-1
633,ceritinib,57379345
634,cerivastatin,446156
635,cerliponase,-1
636,certolizumab pegol,-1
637,certoparin,-1
638,cesium chloride,24293
639,cetiedil,66384
640,cetirizine,2678
641,cetostearyl alcohol,62238
642,cetrimide,14250
643,cetrimonium,2681
644,cetrorelix,25074887
645,cetuximab,-1
646,cetyl esters wax,28678
647,cetylpyridinium,2683
648,cevimeline,83898
649,chamomile flower oil,-1
650,charcoal,5462310
651,chelated,-1
652,chenodeoxycholate,10133
653,chia seed oil,-1
654,chitosan,71853
655,chlophedianol,2795
656,chlorambucil,2708
657,chloramphenicol,5959
658,chlorcyclizine,2710
659,chlordiazepoxide,2712
660,chlordiazepoxide oral tablet,-1
661,chlorhexidine,9552079
662,chlorhexidine topical solution,-1
663,chloride ion,312
664,chlorine,24526
665,chlorine dioxide,24870
666,chlormadinone,5284533
667,chlormethiazole,10783
668,chlormezanone,2717
669,chlormezanone rectal suppository,-1
670,chlorocresol,1732
671,chloroform,6212
672,chlorophyll,16667503
673,chlorophyllin,123798
674,chloroprocaine,8612
675,chloropyramine,25295
676,chloroquine,2719
677,chlorothiazide,2720
678,chlorothymol,6982
679,chlorotrianisene,11289
680,chloroxine,2722
681,chloroxylenol,2723
682,chlorphenesin,7697
683,chlorpheniramine,2725
684,chlorpheniramine oral tablet,-1
685,chlorpromazine,2726
686,chlorpropamide,2727
687,chlorprothixene,667467
688,chlorquinaldol,6301
689,chlortetracycline,54675777
690,chlorthalidone,2732
691,chlorthalidone oral tablet,-1
692,chlorzoxazone,2733
693,chlorzoxazone oral tablet,-1
694,cholecalciferol,5280795
695,cholecalciferol chewable tablet,-1
696,cholecalciferol extended release oral tablet,-1
697,cholecalciferol oral capsule,-1
698,cholecalciferol oral powder,-1
699,cholecalciferol oral tablet,-1
700,cholera vaccine,-1
701,cholesterol,5997
702,cholestyramine resin,137699107
703,cholic acid,221493
704,choline,305
705,choline fenofibrate,11350701
706,chondroitin sulfate (chicken),-1
707,chondroitin sulfates,24766
708,chorionic gonadotropin,-1
709,chromic chloride,-1
710,chromium,23976
711,chromium picolinate,151932
712,chromium polynicotinate,6432906
713,chymotrypsin,4052643
714,ciclesonide,6918155
715,cicletanine,54910
716,ciclopirox,2749
717,cider vinegar,-1
718,cidofovir,60613
719,cifenline,2747
720,cilastatin,6435415
721,cilazapril,56330
722,cilostazol,2754
723,cimetidine,2756
724,cinacalcet,156419
725,cinitapride,68867
726,cinnamon bark,-1
727,cinnamon oil,6850781
728,cinnamyl alcohol,5315892
729,cinnarizine,1547484
730,cinoxacin,2762
731,ciprofibrate,2763
732,ciprofloxacin,2764
733,cisapride,6917698
734,cisatracurium,62887
735,cisplatin,-1
736,citalopram,2771
737,citicoline,13804
738,citral,638011
739,citrate,31348
740,citric acid,311
741,citrulline,9750
742,citrus sinensis leaf extract,-1
743,cladribine,20279
744,clarithromycin,84029
745,clavulanate,5280980
746,clavulanate oral suspension,-1
747,clebopride,2780
748,clemastine,26987
749,clenbuterol,2783
750,clevidipine,153994
751,clidinium,2784
752,clidinium oral tablet,-1
753,clindamycin,446598
754,clindamycin topical gel,-1
755,clioquinol,2788
756,clobazam,2789
757,clobetasol,5311051
758,clobetasone,71387
759,clobutinol,26937
760,clocortolone,5311052
761,clodronic acid,25419
762,clofarabine,119182
763,clofazimine,2794
764,clofibrate,2796
765,clomiphene,2800
766,clomipramine,2801
767,clonazepam,2802
768,clonidine,2803
769,clonixin,28718
770,clopamide,12492
771,cloperastine,2805
772,clopidogrel,60606
773,cloprednol,5284535
774,clorazepate,2809
775,clostridium botulinum,-1
776,clothiapine,16351
777,clotiazepam,2811
778,clotrimazole,2812
779,clotrimazole topical ointment,-1
780,clove oil,-1
781,cloxacillin,6098
782,cloxacillin oral solution,-1
783,cloxazolam,2816
784,clozapine,135398737
785,coagulation factor ix recombinant immunoglobulin g1 fusion protein,-1
786,coal tar,-1
787,cobalt,104730
788,cobamamide,6474320
789,cobicistat,25151504
790,cobicistat oral tablet,-1
791,cobimetinib,16222096
792,cocaine,446220
793,cocoa butter,-1
794,coconut oil,-1
795,cod liver oil,-1
796,codeine,5284371
797,codeine effervescent oral tablet,-1
798,codeine oral capsule,-1
799,codeine oral tablet,-1
800,coenzyme a,87642
801,coenzyme q10,5281915
802,colchicine,6167
803,colesevelam,160051
804,colestipol,62816
805,colistin,5311054
806,collagen,223073
807,collagenase,-1
808,collagenase clostridium histolyticum,-1
809,colloidal oatmeal,-1
810,common paper wasp venom protein,-1
811,conium maculatum root extract,-1
812,conivaptan,151171
813,conjugated (usp),-1
814,connaught strain,-1
815,copanlisib,135565596
816,copper,23978
817,copper chloride,24014
818,copper gluconate,10692
819,copper sulfate,24462
820,corn starch,24836924
821,corticotropin,16132265
822,cortisone,222786
823,cortivazol,66249
824,cosyntropin,16129617
825,cottonseed oil,-1
826,coumarin,323
827,cranberry juice,-1
828,cranberry preparation,-1
829,crataegus extract,-1
830,crataegus laevigata fruit,-1
831,creatine,586
832,creatinine,588
833,cresol,-1
834,crisaborole,44591583
835,crizotinib,11626560
836,crofelemer,-1
837,cromolyn,2882
838,croscarmellose,24748
839,crotalidae immune f(ab')2,-1
840,crotamiton,688020
841,cupric oxide,14829
842,curcuma xanthorrhiza oil,-1
843,curcumin,969516
844,cyamemazine,62865
845,cyanide,5975
846,cyclizine,6726
847,cyclobenzaprine,2895
848,cyclodextrins,-1
849,cyclofenil,2898
850,cyclopenthiazide,2904
851,cyclopentolate,2905
852,cyclophosphamide,2907
853,cycloserine,6234
854,cyclosporine,5284373
855,cyproheptadine,2913
856,cyproterone,5284537
857,cystamine,2915
858,cysteamine,6058
859,cysteine,5862
860,cystine,595
861,cytarabine,6253
862,cytarabine liposome,-1
863,cytisine,10235
864,cytomegalovirus immune globulin,-1
865,cytosine,597
866,d-.alpha.,-1
867,d-biotin,171548
868,dabigatran,216210
869,dabigatran etexilate,135565674
870,dabrafenib,44462760
871,dacarbazine,135398738
872,daclatasvir,25154714
873,daclizumab,-1
874,dacomitinib,11511120
875,dactinomycin,457193
876,dalbavancin,23724878
877,dalfampridine,1727
878,dalfopristin,6323289
879,dalotuzumab,-1
880,dalteparin,-1
881,damoctocog alfa pegol,86278352
882,danaparoid,-1
883,danazol,28417
884,danthron,2950
885,dantrolene,6914273
886,dapagliflozin,9887712
887,dapsone,2955
888,daptomycin,16134395
889,daratumumab,-1
890,darbepoetin alfa,-1
891,darifenacin,444031
892,darolutamide,67171867
893,darunavir,213039
894,darunavir oral tablet,-1
895,dasabuvir,56640146
896,dasatinib,3062316
897,daunorubicin,30323
898,daunorubicin liposomal,-1
899,deanol,7902
900,debrisoquin,2966
901,decitabine,451668
902,deferasirox,214348
903,deferiprone,2972
904,deferoxamine,2973
905,defibrotide,135565962
906,deflazacort,189821
907,degarelix,16136245
908,dehydrocholate,6674
909,delafloxacin,487101
910,delavirdine,5625
911,demeclocycline,54680690
912,denileukin diftitox,-1
913,denosumab,-1
914,deoxycholate,222528
915,dequalinium,2993
916,desflurane,42113
917,desiccated,-1
918,desipramine,2995
919,desirudin,16129703
920,deslanoside,28620
921,desloratadine,124087
922,desmopressin,5311065
923,desogestrel,40973
924,desonide,5311066
925,desoximetasone,5311067
926,desvenlafaxine,125017
927,detomidine,56032
928,deutetrabenazine,73437646
929,dexamethasone,5743
930,dexamethasone ophthalmic solution,-1
931,dexamethasone otic suspension,-1
932,dexchlorpheniramine,33036
933,dexchlorpheniramine oral solution,-1
934,dexfenfluramine,66265
935,dexketoprofen,667550
936,dexlansoprazole,9578005
937,dexmedetomidine,5311068
938,dexmethylphenidate,154101
939,dexpanthenol,131204
940,dexrazoxane,71384
941,dextran,4125253
942,dextran 1,92043573
943,dextran 110,-1
944,dextran 40,4125253
945,dextran 70,71315856
946,dextroamphetamine,5826
947,dextroamphetamine oral tablet,-1
948,dextromethorphan,5360696
949,dextromethorphan chewable tablet,-1
950,dextromethorphan powder for oral solution,-1
951,dextromoramide,92943
952,dezocine,3033053
953,diacetyl benzoyl lathyrol,10577938
954,diamond,5462310
955,diatomaceous earth,24261
956,diatrizoate,2140
957,diazepam,3016
958,diazoxide,3019
959,dibasic,-1
960,dibasic potassium phosphate,24450
961,dibenzepin,9419
962,dibucaine,3025
963,dibunate,84746
964,dibutyl phthalate,3026
965,dichloralphenazone,10188
966,dichloroacetate,25975
967,dichlorobenzyl alcohol,-1
968,dichlorophen,3037
969,dichlorphenamide,3038
970,diclofenac,3033
971,dicloran,7430
972,dicloxacillin,18381
973,dicumarol,54676038
974,dicyclomine,3042
975,didanosine,135398739
976,dienogest,68861
977,diethylamine salicylate,9837223
978,diethylcarbamazine,3052
979,diethylene glycol monoethyl ether,8146
980,diethylpropion,7029
981,diethylstilbestrol,448537
982,diethyltoluamide,4284
983,difenoxin,34328
984,difenoxin oral tablet,-1
985,diflorasone,71415
986,diflucortolone,11954369
987,diflunisal,3059
988,difluprednate,443936
989,digitalis preparation,-1
990,digitoxin,441207
991,digoxin,2724385
992,digoxin antibodies fab fragments,-1
993,dihematoporphyrin ether,-1
994,dihydralazine,10230
995,dihydrocodeine,5284543
996,dihydrocodeine oral tablet,-1
997,dihydroergocornine,168871
998,dihydroergocristine,107715
999,dihydroergotamine,10531
1000,dihydroergotoxine,6420006
1001,dihydrotachysterol,5311071
1002,dihydroxyacetone,670
1003,dihydroxyaluminum sodium carbonate,23697815
1004,diisopropylamine,7912
1005,diisopropylamine dichloroacetate,12617
1006,diloxanide,11367
1007,diltiazem,39186
1008,dimenhydrinate,10660
1009,dimenhydrinate oral tablet,-1
1010,dimercaprol,3080
1011,dimethicone,24705
1012,dimethindene,21855
1013,dimethyl fumarate,637568
1014,dimethyl sulfoxide,679
1015,dimethyldodecylbenzylammonium,8754
1016,dinoprost,5280363
1017,dinoprostone,5280360
1018,dinutuximab,-1
1019,diosmin,5281613
1020,dioxybenzone,8569
1021,diperodon,10831
1022,diphenhydramine,3100
1023,diphenhydramine oral solution,-1
1024,diphenidol,3055
1025,diphenoxylate,13505
1026,diphenoxylate oral tablet,-1
1027,diphenylpyraline,3103
1028,diphtheria antitoxin,-1
1029,diphtheria toxoid vaccine,-1
1030,dipipanone,13331
1031,dipipanone oral tablet,-1
1032,dipivefrin,3105
1033,dipyridamole,3108
1034,dipyridamole oral capsule,-1
1035,dipyrone,522325
1036,dirithromycin,6473883
1037,disopyramide,3114
1038,distigmine,3116
1039,disulfiram,3117
1040,dobesilic acid,17507
1041,dobutamine,36811
1042,docetaxel,148124
1043,doconexent,445580
1044,docosahexaenoate,445580
1045,docosanol,12620
1046,docusate,11339
1047,dofetilide,71329
1048,dolasetron,3033818
1049,dolomite,61833
1050,dolutegravir,54726191
1051,domperidone,3151
1052,donepezil,3152
1053,dopamine,681
1054,doravirine,58460047
1055,doripenem,73303
1056,dornase alfa,-1
1057,dorzolamide,5284549
1058,dotatate,11170867
1059,dothiepin,5282426
1060,doxapram,3156
1061,doxazosin,3157
1062,doxepin,667477
1063,doxercalciferol,5281107
1064,doxorubicin,31703
1065,doxorubicin liposome,-1
1066,doxycycline,54671203
1067,doxylamine,3162
1068,doxylamine oral solution,-1
1069,doxylamine oral tablet,-1
1070,dromostanolone,6011
1071,dronabinol,16078
1072,dronedarone,208898
1073,droperidol,3168
1074,drospirenone,68873
1075,drotaverin,1712095
1076,drotrecogin alfa,-1
1077,droxidopa,92974
1078,dulaglutide,-1
1079,duloxetine,60835
1080,dupilumab,-1
1081,durapatite,14781
1082,durvalumab,-1
1083,dutasteride,6918296
1084,duvelisib,50905713
1085,dyclonine,3180
1086,dydrogesterone,9051
1087,dyphylline,3182
1088,ebastine,3191
1089,ecallantide,44152182
1090,echothiophate,10548
1091,econazole,3198
1092,eculizumab,-1
1093,edaravone,4021
1094,edetic acid,6049
1095,edoxaban,10280735
1096,edrecolomab,-1
1097,edrophonium,3202
1098,efalizumab,-1
1099,efavirenz,64139
1100,efinaconazole,489181
1101,eflornithine,3009
1102,efmoroctocog alfa,-1
1103,eicosapentaenoate,446284
1104,elagolix,11250647
1105,elapegademase,121488177
1106,elbasvir,71661251
1107,eletriptan,77993
1108,eliglustat,23652731
1109,elosulfase alfa,-1
1110,elotuzumab,-1
1111,eltrombopag,135449332
1112,eluxadoline,11250029
1113,elvitegravir,5277135
1114,emapalumab,-1
1115,emedastine,3219
1116,emicizumab,-1
1117,empagliflozin,11949646
1118,emtricitabine,60877
1119,emu oil,-1
1120,enalapril,5388962
1121,enalaprilat,5462501
1122,enasidenib,89683805
1123,encainide,48041
1124,encorafenib,50922675
1125,endopeptidases,-1
1126,enflurane,3226
1127,enfuvirtide,24847866
1128,enoxacin,3229
1129,enoxaparin,772
1130,enoximone,53708
1131,entacapone,5281081
1132,entecavir,135398508
1133,enterococcus faecalis,-1
1134,enterococcus faecium,-1
1135,enzalutamide,15951529
1136,ephedrine,9294
1137,epinastine,3241
1138,epinephrine,5816
1139,epinephrine cartridge,-1
1140,epinephrine injectable solution,-1
1141,epirubicin,41867
1142,eplerenone,443872
1143,epoetin alfa,-1
1144,epoetin beta,-1
1145,epoprostenol,5282411
1146,eprazinone,3245
1147,eprosartan,5281037
1148,eptifibatide,448812
1149,eravacycline,54726192
1150,erdafitinib,67462786
1151,erdosteine,65632
1152,erenumab,-1
1153,ergocalciferol,5280793
1154,ergocalciferol chewable tablet,-1
1155,ergocalciferol oral tablet,-1
1156,ergoloid mesylates,-1
1157,ergonovine,443884
1158,ergotamine,8223
1159,ergotamine oral tablet,-1
1160,ergotamine rectal suppository,-1
1161,eribulin,11354606
1162,erlotinib,176870
1163,ertapenem,150610
1164,ertugliflozin,44814423
1165,erythromycin,12560
1166,erythromycin topical gel,-1
1167,erythrosine,12961638
1168,escherichia coli,-1
1169,escin,-1
1170,escitalopram,146570
1171,esketamine,182137
1172,eslicarbazepine,9881504
1173,esmolol,59768
1174,esomeprazole,9568614
1175,estazolam,3261
1176,esterified (usp),-1
1177,estradiol,5757
1178,estradiol injectable solution,-1
1179,estradiol oral tablet,-1
1180,estramustine,259331
1181,estriol,5756
1182,estriol oral tablet,-1
1183,estrogens,23676225
1184,estrone,5870
1185,estropipate,5284555
1186,eszopiclone,969472
1187,etanercept,-1
1188,etelcalcetide,71511839
1189,eteplirsen,-1
1190,ethacridine,2017
1191,ethacrynate,3278
1192,ethambutol,14052
1193,ethamsylate,17506
1194,ethanol,702
1195,ethanolamine oleate,5282489
1196,ethaverine,3280
1197,ethenzamide,3282
1198,ethinamate,3284
1199,ethinyl estradiol,5991
1200,ethinyl estradiol oral tablet,-1
1201,ethiodized oil,-1
1202,ethionamide,2761171
1203,ethosuximide,3291
1204,ethotoin,3292
1205,ethyl chloride,6337
1206,ethyl loflazepate,3299
1207,ethylene glycol,174
1208,ethylene oxide,6354
1209,ethylenediamine,3301
1210,ethylmorphine,5359271
1211,ethylmorphine oral tablet,-1
1212,ethynodiol,14687
1213,ethynodiol oral tablet,-1
1214,etidronate,3305
1215,etifoxine,135413553
1216,etilefrine,3306
1217,etodolac,3308
1218,etofenamate,35375
1219,etofylline,1892
1220,etomidate,667484
1221,etonogestrel,6917715
1222,etonogestrel vaginal ring,-1
1223,etoposide,36462
1224,etoricoxib,123619
1225,etravirine,193962
1226,etretinate,5282375
1227,eucalyptol,2758
1228,eucalyptus oil,2758
1229,eugenol,3314
1230,evening primrose oil,-1
1231,everolimus,6442177
1232,evolocumab,-1
1233,exemestane,60198
1234,exenatide,45588096
1235,ezetimibe,150311
1236,ezetimibe oral tablet,-1
1237,ezogabine,121892
1238,factor ix,-1
1239,factor ix complex,-1
1240,factor vii,-1
1241,factor viia,-1
1242,factor viii,-1
1243,factor x,-1
1244,factor xiii,-1
1245,famciclovir,3324
1246,famotidine,5702160
1247,fatty acids,264
1248,fe heme polypeptide,-1
1249,febuxostat,134018
1250,fedratinib,16722836
1251,felbamate,3331
1252,felbinac,3332
1253,felodipine,3333
1254,felypressin,14257662
1255,fenfluramine,3337
1256,fennel oil,6850740
1257,fenofibrate,3339
1258,fenoprofen,3342
1259,fenoterol,3343
1260,fenoxazoline,71899
1261,fenproporex,61810
1262,fenspiride,3344
1263,fentanyl,3345
1264,fentanyl injectable solution,-1
1265,fenticonazole,51755
1266,ferric carboxymaltose,86278165
1267,ferric citrate,61300
1268,ferric hydroxide,-1
1269,ferric oxide,56841934
1270,ferric pyrophosphate,24877
1271,ferric sulfate,24826
1272,ferrosoferric phosphate,139032994
1273,ferrous ascorbate,54670067
1274,ferrous bisglycinate,9837124
1275,ferrous carbonate,11248
1276,ferrous chloride,24458
1277,ferrous fumarate,6433164
1278,ferrous fumarate extended release oral tablet,-1
1279,ferrous fumarate oral tablet,-1
1280,ferrous gluconate,23616740
1281,ferrous glycine sulfate,-1
1282,ferrous iodide,-1
1283,ferrous lactate,3609400
1284,ferrous phosphate,9863567
1285,ferrous succinate,10464762
1286,ferrous sulfate,24393
1287,ferrous sulfate oral tablet,-1
1288,ferrous sulfide,14828
1289,ferumoxides,6432052
1290,ferumoxytol,-1
1291,fesoterodine,6918558
1292,fexofenadine,3348
1293,fiber,-1
1294,fibrinogen,-1
1295,fibrinogen concentrate (human),-1
1296,fidaxomicin,10034073
1297,filgrastim,-1
1298,finafloxacin,11567473
1299,finasteride,57363
1300,fingolimod,107970
1301,fish oil (containing omega-3 acids),-1
1302,fish oils,-1
1303,flavin-adenine dinucleotide,643975
1304,flavoxate,3354
1305,flecainide,3356
1306,fleroxacin,3357
1307,flibanserin,6918248
1308,floctafenine,3360
1309,flopropione,3362
1310,florbetaben f-18,11501341
1311,florbetapir,24822371
1312,floxacillin,21319
1313,floxuridine,5790
1314,fluciclovine f-18,450601
1315,fluconazole,3365
1316,flucytosine,3366
1317,fludarabine,657237
1318,fludrocortisone,31378
1319,flufenamic acid,3371
1320,fluindione,68942
1321,flumazenil,3373
1322,flumequine,3374
1323,flumethasone,16490
1324,flumethiazide,8992
1325,flunarizine,941361
1326,flunisolide,82153
1327,flunitrazepam,3380
1328,fluocinolone,91488
1329,fluocinolone otic solution,-1
1330,fluocinonide,9642
1331,fluocortolone,9053
1332,fluorescein,16850
1333,fluoride ion,28179
1334,fluorine,24524
1335,fluorometholone,9878
1336,fluorouracil,3385
1337,fluoxetine,3386
1338,fluoxymesterone,6446
1339,flupenthixol,5281881
1340,fluphenazine,3372
1341,flupirtine,53276
1342,fluprednidene,11794741
1343,flurandrenolide,15209
1344,flurazepam,3393
1345,flurbiprofen,3394
1346,fluspirilene,3396
1347,flutamide,3397
1348,flutemetamol,10107393
1349,fluticasone,5311101
1350,flutrimazole,3401
1351,fluvastatin,446155
1352,fluvoxamine,5324346
1353,folate,135398658
1354,folic acid,135398658
1355,folic acid oral solution,-1
1356,folic acid oral tablet,-1
1357,follicle stimulating hormone,-1
1358,follitropin alfa,-1
1359,follitropin beta,-1
1360,fomepizole,3406
1361,fondaparinux,5282448
1362,formaldehyde,712
1363,formalin,712
1364,formic acid,284
1365,formoterol,3410
1366,formoterol metered dose inhaler,-1
1367,fosamprenavir,131536
1368,fosaprepitant,135413538
1369,foscarnet,3415
1370,fosfestrol,3032325
1371,fosfomycin,446987
1372,fosinopril,55891
1373,fosphenytoin,56339
1374,fospropofol,3038498
1375,fostamatinib,11671467
1376,framycetin,8378
1377,fremanezumab,-1
1378,frovatriptan,77992
1379,fructose,2723872
1380,fu ling,-1
1381,fucus vesiculosus extract,-1
1382,fulvestrant,104741
1383,fulvic acid,5359407
1384,fumagillin,6917655
1385,fumarate,5460307
1386,furazolidone,5323714
1387,furosemide,3440
1388,furosemide oral tablet,-1
1389,fusafungin,3084092
1390,fusidate,3000226
1391,fusidate topical lotion,-1
1392,g1p[8] human 89-12 strain,-1
1393,gabapentin,3446
1394,gadobenate,56840960
1395,gadobutrol,6102852
1396,gadodiamide,153921
1397,gadofosveset,73415770
1398,gadolinium,23982
1399,gadopentetate,6857474
1400,gadopentetate dimeglumine,-1
1401,gadoterate meglumine,-1
1402,gadoteridol,60714
1403,gadoxetate,56841043
1404,galactose,6036
1405,galantamine,9651
1406,galcanezumab,-1
1407,gallamine,67425
1408,gallium,5360835
1409,gallium 67 citrate,-1
1410,galsulfase,-1
1411,gamma-aminobutyrate,119
1412,gamma-linolenate,5461003
1413,ganciclovir,135398740
1414,ganirelix,16130957
1415,gatifloxacin,5379
1416,gefitinib,123631
1417,gelatin,441411
1418,gemcitabine,60750
1419,gemeprost,5282237
1420,gemfibrozil,3463
1421,gemifloxacin,9571107
1422,gemtuzumab ozogamicin,-1
1423,genistein,5280961
1424,gentamicin,3467
1425,gentamicin topical ointment,-1
1426,gentian violet,11057
1427,germanium sesquioxide,71587200
1428,gestodene,3033968
1429,gestodene oral tablet,-1
1430,gestrinone,27812
1431,gilteritinib,49803313
1432,ginger extract,6850776
1433,ginger root,-1
1434,ginkgo biloba extract,-1
1435,ginkgo biloba leaf extract,-1
1436,ginko biloba leaf oil,-1
1437,glasdegib,25166913
1438,glatiramer,65370
1439,glecaprevir,66828839
1440,gliclazide,3475
1441,glimepiride,3476
1442,glipizide,3478
1443,gliquidone,91610
1444,glucagon,16132283
1445,glucarpidase,21195079
1446,glucomannan,24892726
1447,gluconate,10690
1448,gluconolactone,7027
1449,glucosamine,439213
1450,glucosamine oral tablet,-1
1451,glucose,5793
1452,glucose oxidase,-1
1453,glulisine,-1
1454,glutamate,33032
1455,glutamine,5961
1456,glutathione,124886
1457,glutethimide,3487
1458,glyburide,3488
1459,glycerin,753
1460,glycerol phenylbutyrate,10482134
1461,glyceryl phosphate,439162
1462,glycine,750
1463,glycolate,5460308
1464,glycopyrronium,3494
1465,glycopyrronium metered dose inhaler,-1
1466,glycyrrhetinic acid,10114
1467,glycyrrhiza glabra extract,-1
1468,glycyrrhizic acid,14982
1469,glycyrrhizinate,3495
1470,glymidine,9565
1471,glyphosate,3496
1472,gold,23985
1473,golden seal extract,-1
1474,golimumab,-1
1475,gonadorelin,638793
1476,goserelin,5311128
1477,gramicidin,16130140
1478,granisetron,5284566
1479,grape seed,-1
1480,grape seed extract,78577443
1481,grape seed oil,5280450
1482,grapefruit extract,-1
1483,grapefruit juice,-1
1484,grapefruit oil,-1
1485,grapefruit seed extract,-1
1486,grapefruit seed oil,-1
1487,grazoprevir,44603531
1488,grazoprevir oral tablet,-1
1489,green tea extract,65064
1490,grepafloxacin,72474
1491,griseofulvin,441140
1492,guaiacol,460
1493,guaiacolsulfonate,4874
1494,guaiazulene,3515
1495,guaifenesin,3516
1496,guaifenesin oral granules,-1
1497,guaifenesin oral solution,-1
1498,guaifenesin oral tablet,-1
1499,guanabenz,5702063
1500,guanadrel,38521
1501,guanethidine,3518
1502,guanfacine,3519
1503,guanidine,3520
1504,guar gum,154724046
1505,guselkumab,-1
1506,haemophilus b conjugate vaccine,-1
1507,haemophilus influenzae,-1
1508,haemophilus influenzae type b,-1
1509,halazepam,31640
1510,halcinonide,443943
1511,halobetasol,5311167
1512,halometasone,9846332
1513,haloperidol,3559
1514,halothane,3562
1515,harpagoside,5281542
1516,hawthorn berry extract,-1
1517,helicidine,-1
1518,helicobacter pylori,-1
1519,helium,23987
1520,hemin,-1
1521,hemp,-1
1522,heparin,772
1523,hepatitis a vaccine,-1
1524,hepatitis a vaccine (inactivated) strain hm175,-1
1525,hepatitis a virus,-1
1526,hepatitis b immune globulin,-1
1527,hepatitis b surface antigen vaccine,-1
1528,hepatitis b surface antigen vaccine prefilled syringe,-1
1529,hepatitis b virus subtype adw2 hbsag surface protein antigen,-1
1530,heptaminol,3590
1531,heptanoic acid,8094
1532,heroin,5462328
1533,hesperidin,10621
1534,hesperidin oral tablet,-1
1535,hetastarch,24846132
1536,hexachlorophene,3598
1537,hexamidine,65130
1538,hexamidine topical cream,-1
1539,hexetidine,3607
1540,hexoprenaline,3609
1541,hexyl 5-aminolevulinate,6433083
1542,hexylresorcinol,3610
1543,hippurate,464
1544,hirudin,72941487
1545,histamine,774
1546,histidine,6274
1547,histrelin,25077993
1548,homatropine,5282593
1549,honey bee venom,-1
1550,hops oil,-1
1551,horse antihuman thymocyte gamma globulin,-1
1552,house dust allergenic extract,-1
1553,human,-1
1554,human calcitonin,-1
1555,human cord blood hematopoietic progenitor cell,-1
1556,human herpesvirus 1,-1
1557,human papillomavirus type 18 vaccine,-1
1558,human papillomavirus type 33 vaccine,-1
1559,human pen injector,-1
1560,human vaccinia immune globulin,-1
1561,human-bovine reassortant rotavirus strain g1 vaccine,-1
1562,hyaluronate,-1
1563,hyaluronidase,91820602
1564,hydantoin,10006
1565,hydralazine,3637
1566,hydrochloric acid,313
1567,hydrochlorothiazide,3639
1568,hydrochlorothiazide extended release oral capsule,-1
1569,hydrochlorothiazide oral tablet,-1
1570,hydrocodone,5284569
1571,hydrocodone extended release oral capsule,-1
1572,hydrocodone oral solution,-1
1573,hydrocodone oral tablet,-1
1574,hydrocodone prefilled syringe,-1
1575,hydrocortisone,5754
1576,hydrocortisone otic solution,-1
1577,hydrocortisone otic suspension,-1
1578,hydroflumethiazide,3647
1579,hydrofluoric acid,14917
1580,hydrogen peroxide,784
1581,hydrogenated soybean oil,-1
1582,hydrolyzed,6323466
1583,hydromorphone,5284570
1584,hydroquinidine,91503
1585,hydroquinone,785
1586,hydrotalcite,56842000
1587,hydroxocobalamin,70689311
1588,hydroxychloroquine,3652
1589,hydroxycitric acid,123908
1590,hydroxyethyl starch 130-0.4,-1
1591,hydroxypropyl methylcellulose 2910,-1
1592,hydroxypropylcellulose,123706
1593,hydroxytyrosol,82755
1594,hydroxyurea,3657
1595,hydroxyzine,3658
1596,hylan,-1
1597,hylan g-f 20,24847767
1598,hymecromone,5280567
1599,hyoscyamine,154417
1600,hypericin,3663
1601,hypericum extract,3663
1602,hypericum oil,-1
1603,hypericum perforatum leaf extract,-1
1604,hypochlorite,61739
1605,hypromellose,24832095
1606,hypromellose 2208,-1
1607,hypromellose 2910 (10000 mpa.s),-1
1608,hypromellose ophthalmic gel,-1
1609,ibalizumab,-1
1610,ibandronate,60852
1611,ibritumomab tiuxetan,-1
1612,ibrutinib,24821094
1613,ibuprofen,3672
1614,ibuprofen oral tablet,-1
1615,ibutamoren,178024
1616,ibutilide,60753
1617,icatibant,6918173
1618,icodextrin,3517
1619,icosapent ethyl,9831415
1620,idarubicin,42890
1621,idarucizumab,-1
1622,idebenone,3686
1623,idelalisib,11625818
1624,idoxuridine,5905
1625,idursulfase,-1
1626,ifenprodil,3689
1627,ifosfamide,3690
1628,iloperidone,71360
1629,iloprost,5311181
1630,imatinib,5291
1631,imidapril,5464343
1632,imiglucerase,-1
1633,imipenem,104838
1634,imipramine,3696
1635,imiquimod,57469
1636,immunoglobulin a,-1
1637,immunoglobulin g,-1
1638,inactivated,-1
1639,inamrinone,3698
1640,indacaterol,6918554
1641,indacaterol inhalation powder,-1
1642,indapamide,3702
1643,indigotindisulfonate,3705
1644,indinavir,5362440
1645,indium,5359967
1646,indium in-111 chloride,49800058
1647,indium in-111 pentetreotide,131704321
1648,indobufen,107641
1649,indocyanine green,11967809
1650,indomethacin,3715
1651,indoramin,33625
1652,infliximab,-1
1653,influenza a virus,-1
1654,influenza a virus (h1n1) antigen,-1
1655,influenza a virus (h3n2) antigen,-1
1656,influenza a virus vaccine,-1
1657,influenza b virus vaccine,-1
1658,influenza b virus vaccine b,-1
1659,ingenol mebutate,6918670
1660,inosine,135398641
1661,inosine pranobex,135449284
1662,inositol,892
1663,inotersen,121492004
1664,inotuzumab ozogamicin,-1
1665,insulin,16131098
1666,insulin degludec,118984462
1667,insulin detemir,16137271
1668,insulin glargine,118984454
1669,insulin human,118984375
1670,insulin lispro,16132438
1671,insulin-like growth factor 2,5311183
1672,interferon alfa-2a,-1
1673,interferon alfa-2b,71306834
1674,interferon alfa-n1,-1
1675,interferon alfa-n3,-1
1676,interferon alfacon-1,-1
1677,interferon beta-1a,-1
1678,interferon beta-1b,-1
1679,interferon gamma-1a,-1
1680,interferon gamma-1b,-1
1681,interferon type ii,-1
1682,interferon-beta,-1
1683,interleukin-1,-1
1684,interleukin-10,-1
1685,interleukin-11,-1
1686,interleukin-6,-1
1687,inulin,24763
1688,inulin oral capsule,-1
1689,invert sugar,21924868
1690,iobenguane i-123,135326
1691,iobenguane i-131,71184
1692,iobitridol,65985
1693,iodinated glycerol,21852
1694,iodinated i-125 serum,-1
1695,iodine,807
1696,iodine i-131,-1
1697,iodixanol,3724
1698,iodoform,6374
1699,iodophors,-1
1700,iodoquinol,3728
1701,ioflupane i-123,3086674
1702,iohexol,3730
1703,iopamidol,65492
1704,iopanoic acid,3735
1705,iophendylate,3037234
1706,iopromide,3736
1707,iothalamic acid,3737
1708,iotrolan,3738
1709,ioversol,3741
1710,ioxaglate,3742
1711,ioxilan,3743
1712,ipilimumab,-1
1713,ipratropium,657309
1714,ipratropium metered dose inhaler,-1
1715,ipriflavone,3747
1716,iproniazid,3748
1717,irbesartan,3749
1718,irbesartan oral tablet,-1
1719,irinotecan,60838
1720,irinotecan liposomal,-1
1721,iron,23925
1722,iron carbonyl,-1
1723,iron fumarate,6433164
1724,iron polysaccharide,-1
1725,iron sucrose,91663255
1726,iron-dextran complex,-1
1727,isavuconazole,6918485
1728,isavuconazonium,6918606
1729,isocarboxazid,3759
1730,isoconazole,3760
1731,isoflurane,3763
1732,isoleucine,6306
1733,isometheptene,22297
1734,isometheptene oral capsule,-1
1735,isoniazid,3767
1736,isoniazid oral tablet,-1
1737,isophane,-1
1738,isopropamide,3775
1739,isopropanolamine,4
1740,isopropyl alcohol,3776
1741,isopropyl alcohol medicated pad,-1
1742,isopropyl myristate,8042
1743,isopropyl unoprostone,5282175
1744,isoproterenol,3779
1745,isosorbide,12597
1746,isosorbide dinitrate,6883
1747,isosorbide dinitrate oral tablet,-1
1748,isospaglumic acid,188803
1749,isothiazolinone,-1
1750,isotretinoin,5282379
1751,isoxsuprine,3783
1752,ispaghula husk,-1
1753,isradipine,3784
1754,itraconazole,3793
1755,ivabradine,132999
1756,ivacaftor,16220172
1757,ivermectin,6321424
1758,ivosidenib,71657455
1759,ixabepilone,6445540
1760,ixazomib,25183872
1761,ixekizumab,-1
1762,japanese encephalitis virus vaccine,-1
1763,jasmine oil,92043553
1764,jeryl lynn strain,-1
1765,josamycin,5282165
1766,kanamycin,6032
1767,kanamycin a,6032
1768,kaolin,56841936
1769,karaya gum,-1
1770,kebuzone,3824
1771,kerosene,-1
1772,ketamine,3821
1773,ketanserin,3822
1774,ketazolam,33746
1775,ketoconazole,456201
1776,ketoconazole otic ointment,-1
1777,ketoprofen,3825
1778,ketorolac,3826
1779,ketotifen,3827
1780,kinetin,3830
1781,kininogenase,-1
1782,krill oil,-1
1783,l1 protein,-1
1784,labetalol,3869
1785,lachesis muta venom,-1
1786,lacidipine,5311217
1787,lacosamide,219078
1788,lactase,-1
1789,lactate,91435
1790,lactitol,157355
1791,lactobacillus,-1
1792,lactobacillus acidophilus,-1
1793,lactobacillus acidophilus oral capsule,-1
1794,lactobacillus bifidus,-1
1795,lactobacillus casei,-1
1796,lactobacillus casei oral capsule,-1
1797,lactobacillus casei rhamnosus,-1
1798,lactobacillus casei rhamnosus oral capsule,-1
1799,lactobacillus plantarum,-1
1800,lactobacillus reuteri,-1
1801,lactobacillus rhamnosus gg,-1
1802,lactoferrin,126456119
1803,lactose,6134
1804,lactulose,11333
1805,lamivudine,60825
1806,lamivudine oral tablet,-1
1807,lamotrigine,3878
1808,lanadelumab,-1
1809,lanatoside c,656630
1810,lanolin,75778
1811,lanolin oil,-1
1812,lanreotide,71349
1813,lansoprazole,3883
1814,lanthanum,23926
1815,lanthanum carbonate,168924
1816,lapatinib,208908
1817,laronidase,-1
1818,larotrectinib,46188928
1819,latanoprost,5311221
1820,latanoprostene bunod,11156438
1821,latex,-1
1822,laureth sulfosuccinate,-1
1823,lavender oil,-1
1824,lead,5352425
1825,leaf,446220
1826,lecithin,-1
1827,ledipasvir,67505836
1828,leflunomide,3899
1829,lemon balm oil,-1
1830,lemon juice,-1
1831,lemon oil,22311
1832,lenalidomide,216326
1833,lenograstim,-1
1834,lenvatinib,9823820
1835,lepirudin,118856773
1836,leptin,90470904
1837,lercanidipine,65866
1838,lesinurad,53465279
1839,letermovir,45138674
1840,letrozole,3902
1841,leucine,6106
1842,leucovorin,135403648
1843,leuprolide,657181
1844,levalbuterol,123600
1845,levamisole,26879
1846,levetiracetam,5284583
1847,levobunolol,39468
1848,levobupivacaine,92253
1849,levocabastine,54385
1850,levocarnitine,10917
1851,levocetirizine,1549000
1852,levodopa,6047
1853,levodopa oral solution,-1
1854,levodopa oral suspension,-1
1855,levodopa oral tablet,-1
1856,levofloxacin,149096
1857,levoleucovorin,135398559
1858,levomefolate,135398561
1859,levomefolate oral tablet,-1
1860,levomenthol,16666
1861,levomethadone,22267
1862,levomilnacipran,6917779
1863,levonordefrin,164739
1864,levonorgestrel,13109
1865,levonorgestrel oral tablet,-1
1866,levonorgestrel transdermal system,-1
1867,levorphanol,5359272
1868,levosimendan,3033825
1869,levothyroxine,5819
1870,licorice,163463
1871,lidocaine,3676
1872,lidocaine cartridge,-1
1873,lidocaine medicated pad,-1
1874,lidocaine rectal gel,-1
1875,lidocaine topical gel,-1
1876,lifitegrast,11965427
1877,light,-1
1878,limonene,22311
1879,linaclotide,16158208
1880,linagliptin,10096344
1881,linagliptin oral tablet,-1
1882,lincomycin,3000540
1883,lindane,727
1884,linezolid,441401
1885,linoleate,5280450
1886,linolenate,5280934
1887,linseed oil,-1
1888,liothyronine,5920
1889,liothyronine oral tablet,-1
1890,lipase,1369
1891,lipegfilgrastim,70683024
1892,liquid petroleum,-1
1893,liraglutide,16134956
1894,liraglutide pen injector,-1
1895,lisdexamfetamine,11597698
1896,lisinopril,5362119
1897,lisinopril oral tablet,-1
1898,lisuride,28864
1899,lithium,3028194
1900,lithium acetate,3474584
1901,lithium aspartate,87073042
1902,lithium carbonate,11125
1903,lithium chloride,433294
1904,lithium citrate,13520
1905,lithium gluconate,23684902
1906,lithium sulfate,66320
1907,live,-1
1908,live attenuated,-1
1909,liver,-1
1910,liver extract,-1
1911,liver stomach concentrate,-1
1912,lixisenatide,90472060
1913,lixisenatide pen injector,-1
1914,lodoxamide,44564
1915,lofepramine,3947
1916,lofexidine,30668
1917,lomefloxacin,3948
1918,lomitapide,9853053
1919,lomustine,3950
1920,loperamide,3955
1921,lopinavir,92727
1922,loracarbef,5284585
1923,loratadine,3957
1924,lorazepam,3958
1925,lorcaserin,11658860
1926,lorlatinib,71731823
1927,lormetazepam,13314
1928,lornoxicam,54690031
1929,losartan,3961
1930,losartan oral tablet,-1
1931,loteprednol,9865442
1932,loteprednol etabonate,444025
1933,lovastatin,53232
1934,loxapine,3964
1935,loxoprofen,3965
1936,lubiprostone,157920
1937,lucinactant,145722609
1938,lufenuron,71777
1939,luliconazole,3003141
1940,lumacaftor,16678941
1941,lumacaftor oral tablet,-1
1942,lumefantrine,6437380
1943,lumefantrine oral tablet,-1
1944,lurasidone,213046
1945,lusutrombopag,49843517
1946,lutein,5281243
1947,luteinizing hormone,-1
1948,lutetium,23929
1949,lutropin alfa,-1
1950,lycopene,446925
1951,lymecycline,54707177
1952,lymphocyte immune globulin,-1
1953,lynestrenol,5857
1954,lypressin,644076
1955,lysine,5962
1956,lysozyme,-1
1957,macimorelin,9804938
1958,macitentan,16004692
1959,mafenide,3998
1960,magaldrate,3086011
1961,magnesium,5462224
1962,magnesium acetate,8896
1963,magnesium amino acid chelate,-1
1964,magnesium ascorbate,54682511
1965,magnesium aspartate,92912
1966,magnesium carbonate,11029
1967,magnesium carbonate oral suspension,-1
1968,magnesium carbonate oral tablet,-1
1969,magnesium chloride,5360315
1970,magnesium chloride delayed release oral tablet,-1
1971,magnesium chloride oral tablet,-1
1972,magnesium citrate,6099959
1973,magnesium citrate oral tablet,-1
1974,magnesium gluconate,11418570
1975,magnesium glycinate,84645
1976,magnesium hydroxide,73981
1977,magnesium hydroxide chewable tablet,-1
1978,magnesium hydroxide oral tablet,-1
1979,magnesium lactate,6536825
1980,magnesium malate,164748
1981,magnesium orotate,3036905
1982,magnesium oxide,14792
1983,magnesium peroxide,-1
1984,magnesium phosphate,24439
1985,magnesium salicylate,54684589
1986,magnesium salicylate oral tablet,-1
1987,magnesium sulfate,24083
1988,magnesium sulfate heptahydrate,24843
1989,magnesium trisilicate,5311266
1990,magnesium trisilicate chewing gum,-1
1991,malate,160434
1992,malathion,4004
1993,maleate,5288227
1994,malic acid,525
1995,maltodextrin,-1
1996,maltose,6255
1997,manganese,23930
1998,manganese citrate,9937209
1999,manganese sulfate,24580
2000,manidipine,4008
2001,mannitol,6251
2002,maprotiline,4011
2003,maraviroc,3002977
2004,mazindol,4020
2005,mebendazole,4030
2006,mebeverine,4031
2007,mecamylamine,4032
2008,mecasermin,-1
2009,mechlorethamine,4033
2010,meclizine,4034
2011,meclofenamate,4037
2012,meclofenamic acid,4037
2013,meclofenoxate,4039
2014,mecobalamin,10898559
2015,medazepam,4041
2016,medigoxin,443946
2017,medorrhinum,-1
2018,medrogestone,9949848
2019,medronate,16124
2020,medroxyprogesterone,10631
2021,medroxyprogesterone oral tablet,-1
2022,medrysone,247839
2023,mefenamate,-1
2024,mefenorex,21777
2025,mefloquine,4046
2026,mefruside,4047
2027,megestrol,19090
2028,meglumine,8567
2029,meglumine antimoniate,64953
2030,meglumine ioxithalamate,23620195
2031,melatonin,896
2032,melilotus extract,-1
2033,melissa officinalis leaf oil,-1
2034,melitracen,25382
2035,meloxicam,54677470
2036,melphalan,460612
2037,memantine,4054
2038,memantine extended release oral capsule,-1
2039,menadiol,10209
2040,menatetrenone,5282367
2041,meningococcal group b vaccine,-1
2042,menthol,1254
2043,menthol oral suspension,-1
2044,menthol topical cream,-1
2045,menthol topical solution,-1
2046,menthol topical spray,-1
2047,mepenzolate,4057
2048,meperidine,4058
2049,mephenesin,4059
2050,mephentermine,3677
2051,mephenytoin,4060
2052,mephobarbital,8271
2053,mepivacaine,4062
2054,mepivacaine injectable solution,-1
2055,mepolizumab,-1
2056,meprednisone,5284587
2057,meprobamate,4064
2058,meprobamate oral tablet,-1
2059,meptazinol,41049
2060,mequinol,9015
2061,mequitazine,4066
2062,meradimate,8633
2063,mercaptopurine,667490
2064,mercury,23931
2065,meropenem,441130
2066,mesalamine,4075
2067,mesna,23662354
2068,mesna injectable solution,-1
2069,mesoridazine,4078
2070,mesterolone,15020
2071,mestranol,6291
2072,metaproterenol,4086
2073,metaraminol,5906
2074,metaxalone,15459
2075,metformin,4091
2076,metformin extended release oral tablet,-1
2077,metformin oral tablet,-1
2078,methacholine,1993
2079,methadone,4095
2080,methamphetamine,10836
2081,methandrostenolone,6300
2082,methanol,887
2083,methantheline,4097
2084,methapyrilene,4098
2085,methaqualone,6292
2086,metharbital,4099
2087,methazolamide,4100
2088,methenamine,4101
2089,methenolone,3037705
2090,methicillin,6087
2091,methimazole,1349907
2092,methionine,876
2093,methocarbamol,4107
2094,methocarbamol oral tablet,-1
2095,methohexital,9034
2096,methotrexate,126941
2097,methotrimeprazine,72287
2098,methoxamine,6082
2099,methoxsalen,4114
2100,methoxy polyethylene glycol-epoetin beta,-1
2101,methoxyflurane,4116
2102,methoxyphenamine,4117
2103,methscopolamine,71183
2104,methsuximide,6476
2105,methyclothiazide,4121
2106,methyl 5-aminolevulinate,157922
2107,methyl salicylate,4133
2108,methyl salicylate medicated patch,-1
2109,methyl salicylate paste,-1
2110,methylcellulose,44263857
2111,methyldopa,38853
2112,methyldopa oral tablet,-1
2113,methyldopate,17277
2114,methylene blue,6099
2115,methylephedrine,4374
2116,methylergonovine,8226
2117,methylmethacrylate,6658
2118,methylnaltrexone,5361918
2119,methylparaben,7456
2120,methylphenidate,4158
2121,methylprednisolone,6741
2122,methylprednisolone injectable suspension,-1
2123,methylsulfonylmethane,6213
2124,methylsulfonylmethane oral tablet,-1
2125,methyltestosterone,6010
2126,methyprylon,4162
2127,methysergide,9681
2128,metipranolol,31477
2129,metoclopramide,4168
2130,metolazone,4170
2131,metopimazine,26388
2132,metoprolol,4171
2133,metoprolol oral tablet,-1
2134,metreleptin,-1
2135,metronidazole,4173
2136,metyrapone,4174
2137,metyrosine,441350
2138,mexiletine,4178
2139,mezlocillin,656511
2140,mianserin,4184
2141,mibefradil,60663
2142,micafungin,477468
2143,miconazole,4189
2144,miconazole topical ointment,-1
2145,microcrystalline cellulose,62698
2146,micronomicin,3037206
2147,midazolam,4192
2148,midodrine,4195
2149,midostaurin,9829523
2150,mifepristone,55245
2151,migalastat,176077
2152,miglitol,441314
2153,miglustat,51634
2154,milk thistle extract,-1
2155,milk thistle seed,-1
2156,milk thistle seed extract,-1
2157,milnacipran,65833
2158,milrinone,4197
2159,miltefosine,3599
2160,mineral oil,-1
2161,minocycline,54675783
2162,minoxidil,4201
2163,mipomersen,71301230
2164,mirabegron,9865528
2165,mirtazapine,4205
2166,misoprostol,5282381
2167,misoprostol delayed release oral tablet,-1
2168,mitomycin,5746
2169,mitotane,4211
2170,mitoxantrone,4212
2171,mivacurium,5281042
2172,mizolastine,65906
2173,moclobemide,4235
2174,modafinil,4236
2175,moexipril,91270
2176,moexipril oral tablet,-1
2177,mofezolac,4237
2178,mogamulizumab,-1
2179,molasses,4534671
2180,molgramostim,-1
2181,molindone,23897
2182,molsidomine,5353788
2183,molybdenum,23932
2184,mometasone,441335
2185,mometasone metered dose inhaler,-1
2186,monascus purpureus,-1
2187,monascus purpureus west,-1
2188,monobasic,-1
2189,monofluorophosphate,-1
2190,monosulfiram,7215
2191,montelukast,5281040
2192,moringa oleifera leaf oil,-1
2193,morniflumate,72106
2194,morphine,5288826
2195,morphine injectable solution,-1
2196,mosapride,119584
2197,moxalactam,47499
2198,moxetumomab pasudotox,-1
2199,moxifloxacin,152946
2200,moxisylyte,4260
2201,moxonidine,4810
2202,mucopolysaccharide polysulfate,-1
2203,mumps virus vaccine live,-1
2204,mupirocin,446596
2205,muromonab-cd3,-1
2206,mustard oil,5971
2207,mycophenolate,446541
2208,mycophenolate mofetil,5281078
2209,mycophenolic acid,446541
2210,myrtecaine topical ointment,-1
2211,myrtol,-1
2212,n-acetyltyrosine,89216
2213,nabilone,5284592
2214,nabumetone,4409
2215,nadh,439153
2216,nadolol,39147
2217,nadolol oral tablet,-1
2218,nadroparin,772
2219,nafarelin,25077405
2220,nafcillin,8982
2221,nafronyl,4417
2222,naftazone,71688
2223,naftifine,47641
2224,nalbuphine,5311304
2225,naldemedine,54732242
2226,nalidixate,4421
2227,nalmefene,5284594
2228,naloxegol,56959087
2229,naloxone,5284596
2230,naloxone buccal film,-1
2231,naltrexone,5360515
2232,naltrexone extended release oral tablet,-1
2233,nandrolone,9904
2234,naphazoline,4436
2235,naproxen,156391
2236,naproxen delayed release oral tablet,-1
2237,naproxen oral tablet,-1
2238,naratriptan,4440
2239,natalizumab,-1
2240,natamycin,5284447
2241,nateglinide,5311309
2242,nattokinase,-1
2243,nebivolol,71301
2244,necitumumab,-1
2245,nedocromil,50294
2246,nefazodone,4449
2247,nefopam,4450
2248,neisseria meningitidis,-1
2249,neisseria meningitidis serogroup c capsular polysaccharide diphtheria toxoid protein conjugate vaccine,-1
2250,neisseria meningitidis serogroup c oligosaccharide diphtheria crm197 protein conjugate vaccine,-1
2251,nelarabine,3011155
2252,nelfinavir,64143
2253,neomycin,8378
2254,neomycin topical ointment,-1
2255,neomycin topical spray,-1
2256,neostigmine,4456
2257,nepafenac,151075
2258,neratinib,9915743
2259,nerium oleander leaf extract,-1
2260,nesiritide,71308561
2261,netarsudil,66599893
2262,netilmicin,441306
2263,netupitant,6451149
2264,nevirapine,4463
2265,niacin,938
2266,niacin extended release oral tablet,-1
2267,niacinamide,936
2268,nicardipine,4474
2269,nicergoline,34040
2270,nickel,935
2271,niclosamide,4477
2272,nicorandil,47528
2273,nicotine,89594
2274,nicotine bitartrate,2735102
2275,nifedipine,4485
2276,nifedipine oral tablet,-1
2277,niflumic acid,4488
2278,nifuratel,6433427
2279,nifuroxazide,5337997
2280,nifurtimox,6842999
2281,nikethamide,5497
2282,nilotinib,644241
2283,nilutamide,4493
2284,nilvadipine,4494
2285,nimesulide,4495
2286,nimodipine,4497
2287,nimorazole,23009
2288,nintedanib,135423438
2289,niraparib,24958200
2290,nisoldipine,4499
2291,nitazoxanide,41684
2292,nitisinone,115355
2293,nitrazepam,4506
2294,nitrendipine,4507
2295,nitric acid,944
2296,nitric oxide,145068
2297,nitrofurantoin,6604200
2298,nitrofurazone,5447130
2299,nitrogen,947
2300,nitroglycerin,4510
2301,nitroprusside,-1
2302,nitrous oxide,948
2303,nitroxoline,19910
2304,nivolumab,-1
2305,nizatidine,3033637
2306,nomegestrol,68783
2307,nonoxynol-10,454539
2308,nonoxynol-9,72385
2309,nordazepam,2997
2310,norelgestromin,9568628
2311,norelgestromin transdermal system,-1
2312,norepinephrine,439260
2313,norethandrolone,5858
2314,norethindrone,6230
2315,norethindrone oral capsule,-1
2316,norethindrone oral tablet,-1
2317,norethindrone transdermal system,-1
2318,norfloxacin,4539
2319,norgestimate,6540478
2320,norgestimate oral tablet,-1
2321,norgestrel,13109
2322,norgestrel oral tablet,-1
2323,north american coral snake antivenin,-1
2324,nortriptyline,4543
2325,nortriptyline oral tablet,-1
2326,noscapine,275196
2327,nusinersen,131801471
2328,nutmeg oil,6850746
2329,nux vomica extract,-1
2330,nystatin,6433272
2331,nystatin topical ointment,-1
2332,oat bran,-1
2333,obeticholic acid,447715
2334,obinutuzumab,-1
2335,ocrelizumab,-1
2336,ocriplasmin,-1
2337,octenidine,51167
2338,octinoxate,5355130
2339,octocrylene,22571
2340,octreotide,448601
2341,octylonium,72092
2342,ofatumumab,-1
2343,ofloxacin,4583
2344,oil of garlic,6850738
2345,oil of ginger,-1
2346,olanzapine,135398745
2347,olanzapine oral capsule,-1
2348,olaparib,23725625
2349,olaratumab,-1
2350,olea europaea leaf extract,-1
2351,oleate,445639
2352,olive leaf extract,-1
2353,olive oil,-1
2354,olmesartan,158781
2355,olmesartan oral tablet,-1
2356,olodaterol,11504295
2357,olopatadine,5281071
2358,olsalazine,22419
2359,omacetaxine,65305
2360,omacetaxine mepesuccinate,285033
2361,omadacycline,54697325
2362,omalizumab,-1
2363,ombitasvir,54767916
2364,omega-3 acid ethyl esters (usp),-1
2365,omega-3 carboxylic acids,-1
2366,omega-3 fatty acids,56842239
2367,omega-6,-1
2368,omeprazole,4594
2369,onasemnogene abeparvovec,-1
2370,ondansetron,4595
2371,opipramol,9417
2372,opium,-1
2373,opium rectal suppository,-1
2374,oprelvekin,-1
2375,orange juice,-1
2376,orange oil,22311
2377,oregano leaf oil,-1
2378,oregano oil,-1
2379,orgotein,72941490
2380,oritavancin,16136912
2381,orlistat,3034010
2382,ornidazole,28061
2383,ornipressin,14257660
2384,ornithine,6262
2385,orotic acid,967
2386,orphenadrine,4601
2387,orphenadrine oral tablet,-1
2388,oseltamivir,65028
2389,osimertinib,71496458
2390,ospemifene,3036505
2391,ovalbumin,-1
2392,oxacillin,6196
2393,oxalate,71081
2394,oxaliplatin,43805
2395,oxandrolone,5878
2396,oxaprozin,4614
2397,oxatomide,4615
2398,oxazepam,4616
2399,oxcarbazepine,34312
2400,oxeladin,4619
2401,oxerutins,-1
2402,oxetorone,36846
2403,oxiconazole,5353853
2404,oxiracetam,4626
2405,oxitropium,6917866
2406,oxolamine,13738
2407,oxprenolol,4631
2408,oxtriphylline,656652
2409,oxybutynin,4634
2410,oxycodone,5284603
2411,oxycodone extended release oral tablet,-1
2412,oxycodone oral tablet,-1
2413,oxygen,977
2414,oxymetazoline,4636
2415,oxymetholone,5281034
2416,oxymorphone,5284604
2417,oxypertine,4640
2418,oxyquinoline,1923
2419,oxytetracycline,54675779
2420,oxytetracycline topical ointment,-1
2421,oxytocin,439302
2422,ozenoxacin,9863827
2423,p-aminohippurate,2148
2424,paclitaxel,36314
2425,paeonia lactiflora root oil,-1
2426,palbociclib,5330286
2427,palifermin,-1
2428,paliperidone,115237
2429,palivizumab,-1
2430,palmidrol,4671
2431,palmitate,985
2432,palonosetron,6337614
2433,palonosetron oral capsule,-1
2434,pamabrom,11806
2435,pamidronate,4674
2436,panax ginseng leaf extract,-1
2437,pancreas extract,-1
2438,pancreatin,-1
2439,pancrelipase,-1
2440,pancrelipase amylase,-1
2441,pancuronium,441289
2442,panitumumab,-1
2443,panobinostat,6918837
2444,pantethine,452306
2445,panthenol,4678
2446,pantoprazole,4679
2447,pantothenate,6613
2448,pantothenic acid,6613
2449,papain,-1
2450,papaveretum,24840907
2451,papaverine,4680
2452,papaya extract,-1
2453,paraffin,-1
2454,paraldehyde,31264
2455,parathyroid hormone,-1
2456,parecoxib,119828
2457,paregoric,-1
2458,paricalcitol,5281104
2459,paritaprevir,45110509
2460,parnaparin,772
2461,paromomycin,165580
2462,paroxetine,43815
2463,parsley oil,-1
2464,pasireotide,9941444
2465,passiflora incarnata extract,-1
2466,patiromer,-1
2467,patisiran,-1
2468,pazopanib,10113978
2469,pectin,441476
2470,pectin oral suspension,-1
2471,pefloxacin,51081
2472,pegademase bovine,-1
2473,pegaptanib,56603655
2474,pegaspargase,-1
2475,pegfilgrastim,70683024
2476,peginesatide,-1
2477,peginterferon alfa-2a,-1
2478,peginterferon alfa-2b,-1
2479,peginterferon beta-1a,-1
2480,pegloticase,-1
2481,pegvaliase,86278362
2482,pegvisomant,-1
2483,pembrolizumab,-1
2484,pemetrexed,135410875
2485,pemirolast,57697
2486,pemoline,4723
2487,penbutolol,37464
2488,penciclovir,135398748
2489,penfluridol,33630
2490,penicillamine,5852
2491,penicillin,2349
2492,penicillin g,5904
2493,penicillin v,6869
2494,pentaerythritol,8285
2495,pentamidine,4735
2496,pentastarch,-1
2497,pentazocine,441278
2498,pentazocine oral tablet,-1
2499,pentetate,3053
2500,pentobarbital,4737
2501,pentosan polysulfate,37720
2502,pentostatin,439693
2503,pentoxifylline,4740
2504,pentylenetetrazole,5917
2505,peppermint oil,6850741
2506,pepsin a,-1
2507,peramivir,154234
2508,perampanel,9924495
2509,perazine,4744
2510,perennial rye grass pollen extract,-1
2511,perflutren,6432
2512,pergolide,47811
2513,perhexiline,4746
2514,periciazine,4747
2515,perindopril,107807
2516,perindopril oral tablet,-1
2517,permethrin,40326
2518,perphenazine,4748
2519,perphenazine oral tablet,-1
2520,pertussis vaccine,-1
2521,pertuzumab,-1
2522,peruvian balsam,-1
2523,petrolatum,-1
2524,petrolatum ophthalmic ointment,-1
2525,petroleum distillate,-1
2526,pexidartinib,25151352
2527,phenacemide,4753
2528,phenacetin,4754
2529,phenazopyridine,4756
2530,phendimetrazine,30487
2531,phenelzine,3675
2532,phenethicillin,272833
2533,phenethylamine,1001
2534,phenformin,8249
2535,phenformin oral tablet,-1
2536,pheniramine,4761
2537,pheniramine ophthalmic solution,-1
2538,pheniramine oral solution,-1
2539,phenmetrazine,4762
2540,phenobarbital,4763
2541,phenobarbital oral tablet,-1
2542,phenol,996
2543,phenol topical solution,-1
2544,phenolphthalein,4764
2545,phenoperidine,11226
2546,phenothrin,4767
2547,phenoxybenzamine,4768
2548,phenprocoumon,54680692
2549,phensuximide,6839
2550,phentermine,4771
2551,phentolamine,5775
2552,phenylacetate,4409936
2553,phenylalanine,6140
2554,phenylbutazone,4781
2555,phenylbutyrate,4775
2556,phenylephrine,6041
2557,phenylephrine effervescent oral tablet,-1
2558,phenylephrine extended release suspension,-1
2559,phenylephrine granules for oral solution,-1
2560,phenylephrine ophthalmic solution,-1
2561,phenylephrine oral capsule,-1
2562,phenylephrine oral solution,-1
2563,phenylephrine oral strip,-1
2564,phenylephrine oral suspension,-1
2565,phenylephrine oral tablet,-1
2566,phenylephrine rectal cream,-1
2567,phenylpropanolamine,26934
2568,phenylpropanolamine oral solution,-1
2569,phenylpropanolamine oral tablet,-1
2570,phenyltoloxamine,7077
2571,phenyltoloxamine delayed release oral capsule,-1
2572,phenyltoloxamine oral solution,-1
2573,phenytoin,1775
2574,phenytoin injectable solution,-1
2575,phenytoin oral tablet,-1
2576,phloroglucinol,359
2577,pholcodine,5311356
2578,phosphatidylserine,-1
2579,phospholipids,-1
2580,phosphoric acid,1004
2581,phosphorus,5462309
2582,phosphorus 32,26751
2583,phthalylsulfathiazole,4806
2584,physostigmine,5983
2585,phytosterols,12303662
2586,pibrentasvir,58031952
2587,pibrentasvir oral tablet,-1
2588,picosulfurate,-1
2589,pidotimod,65944
2590,pilocarpine,5910
2591,pilocarpine ophthalmic solution,-1
2592,pimavanserin,10071196
2593,pimecrolimus,6509979
2594,pimobendan,4823
2595,pimozide,16362
2596,pinaverium,40704
2597,pindolol,4828
2598,pine tar,-1
2599,pioglitazone,4829
2600,pioglitazone extended release oral tablet,-1
2601,pioglitazone oral tablet,-1
2602,pipamperone,4830
2603,pipecuronium,50192
2604,pipemidate,-1
2605,piperacillin,43672
2606,piperazine,4837
2607,piperidolate,4839
2608,pipobroman,4842
2609,pipothiazine,62867
2610,piracetam,4843
2611,pirarubicin,636397
2612,pirbuterol,4845
2613,pirenoxine,4846
2614,pirenzepine,4848
2615,piretanide,4849
2616,pirfenidone,40632
2617,piribedil,4850
2618,piroxicam,54676228
2619,pitavastatin,5282452
2620,pivampicillin,33478
2621,pizotyline,27400
2622,placebo,-1
2623,plasma protein fraction,-1
2624,plasmin,-1
2625,platinum,23939
2626,plazomicin,42613186
2627,plecanatide,70693500
2628,plerixafor,65015
2629,pneumococcal capsular polysaccharide type 18c vaccine,-1
2630,podofilox,10607
2631,podophyllin,11979494
2632,polaprezinc,51051629
2633,polatuzumab vedotin,-1
2634,policosanol,-1
2635,polidocanol,656641
2636,polihexanide,20977
2637,poliovirus vaccine inactivated,-1
2638,poloxamer,24751
2639,polyethylene glycol 1450,-1
2640,polyethylene glycol 1500,8172
2641,polyethylene glycol 3350,174
2642,polyethylene glycol 3500,-1
2643,polyethylene glycol 400,-1
2644,polyethylene glycol 4000,174
2645,polyethylene glycol 9000,-1
2646,polyethylene glycols,174
2647,polygeline,-1
2648,polymyxin b,49800004
2649,polymyxin b ophthalmic ointment,-1
2650,polymyxin b ophthalmic suspension,-1
2651,polymyxin b topical cream,-1
2652,polymyxin b topical ointment,-1
2653,polynoxylin,62705
2654,polyoxyl 35 castor oil,154733643
2655,polysaccharide iron complex,-1
2656,polysaccharide-k,-1
2657,polysorbate 20,443314
2658,polysorbate 60,91667948
2659,polysorbate 65,-1
2660,polysorbate 80,5284448
2661,polysorbate 80 ophthalmic solution,-1
2662,polystyrene sulfonate,75905
2663,polythiazide,4870
2664,polyvinyl alcohol,11199
2665,pomalidomide,134780
2666,pomegranate juice,5281855
2667,ponatinib,24826799
2668,poppy seed oil,-1
2669,poractant alfa,-1
2670,porcine,-1
2671,pork,-1
2672,posaconazole,468595
2673,potassium,5462222
2674,potassium acetate,517044
2675,potassium aminobenzoate,23663633
2676,potassium ascorbate,23687519
2677,potassium aspartate,6454950
2678,potassium bicarbonate,516893
2679,potassium bicarbonate oral tablet,-1
2680,potassium bitartrate,23666342
2681,potassium bromide,253877
2682,potassium carbonate,11430
2683,potassium chlorate,6426889
2684,potassium chloride,4873
2685,potassium chloride oral tablet,-1
2686,potassium citrate,13344
2687,potassium citrate powder for oral solution,-1
2688,potassium extended release oral tablet,-1
2689,potassium gluconate,16760467
2690,potassium hydroxide,14797
2691,potassium iodate,23665710
2692,potassium iodide,4875
2693,potassium iodide oral tablet,-1
2694,potassium ion,813
2695,potassium lactate,23671663
2696,potassium nitrate,24434
2697,potassium orotate,23665705
2698,potassium perchlorate,516900
2699,potassium permanganate,516875
2700,potassium phosphate,62657
2701,potassium sodium tartrate,9855836
2702,potassium sulfate,24507
2703,povidone,6917
2704,povidone ophthalmic solution,-1
2705,povidone-iodine,410087
2706,prajmaline,76959818
2707,pralatrexate,148121
2708,pralidoxime,135398747
2709,pramipexole,119570
2710,pramlintide,70691388
2711,pramoxine,4886
2712,pramoxine rectal gel,-1
2713,pramoxine topical spray,-1
2714,prasterone,5881
2715,prasterone injectable suspension,-1
2716,prasugrel,6918456
2717,pravastatin,54687
2718,prazepam,4890
2719,praziquantel,4891
2720,prazosin,4893
2721,precipitated,-1
2722,prednicarbate,6714002
2723,prednimustine,34457
2724,prednisolone,5755
2725,prednisolone topical ointment,-1
2726,prednisone,5865
2727,pregabalin,5486971
2728,pregnenolone,8955
2729,pridinol,4904
2730,pridinol oral tablet,-1
2731,prilocaine,4906
2732,prilocaine medicated patch,-1
2733,primaquine,4908
2734,primidone,4909
2735,pristinamycin,11979535
2736,probenecid,4911
2737,probenecid oral tablet,-1
2738,probucol,4912
2739,procainamide,4913
2740,procaine,4914
2741,procarbazine,4915
2742,procaterol,4916
2743,prochlorperazine,4917
2744,procyclidine,4919
2745,profenamine,3290
2746,progesterone,5994
2747,progesterone drug implant,-1
2748,proguanil,6178111
2749,proguanil oral tablet,-1
2750,prolactin,-1
2751,proline,145742
2752,prolintane,14592
2753,promazine,4926
2754,promegestone,36709
2755,promestriene,9883915
2756,promestriene oral tablet,-1
2757,promethazine,4927
2758,promethazine oral solution,-1
2759,propafenone,4932
2760,propamidine,64949
2761,propane,6334
2762,propantheline,4934
2763,proparacaine,4935
2764,propicillin,92879
2765,propinox,17700
2766,propiomazine,4940
2767,propionate,104745
2768,propionic acid,1032
2769,propiverine,4942
2770,propofol,4943
2771,propolis,-1
2772,propoxyphene,10100
2773,propoxyphene extended release oral tablet,-1
2774,propranolol,4946
2775,propranolol extended release oral capsule,-1
2776,propylene,8252
2777,propylene glycol,1030
2778,propylene glycol ophthalmic solution,-1
2779,propylhexedrine,7558
2780,propylthiouracil,657298
2781,propyphenazone,3778
2782,propyphenazone rectal suppository,-1
2783,proscillaridin,5284613
2784,protamine lispro,-1
2785,protamine sulfate (usp),-1
2786,protein c,-1
2787,proteins,-1
2788,prothionamide,666418
2789,prothipendyl,14670
2790,prothrombin,-1
2791,protriptyline,4976
2792,prucalopride,3052762
2793,prussian blue insoluble,2724251
2794,pseudoephedrine,7028
2795,pseudoephedrine extended release oral capsule,-1
2796,pseudoephedrine extended release oral tablet,-1
2797,pseudoephedrine extended release suspension,-1
2798,pseudoephedrine oral solution,-1
2799,pseudoephedrine oral suspension,-1
2800,pseudoephedrine oral tablet,-1
2801,psyllium,-1
2802,pumpkin seed oil,-1
2803,purified protein derivative of tuberculin,-1
2804,pyrantel,708857
2805,pyrazinamide,1046
2806,pyrethrins,71310221
2807,pyridostigmine,4991
2808,pyridoxal,1050
2809,pyridoxine,1054
2810,pyridoxine delayed release oral tablet,-1
2811,pyrilamine,4992
2812,pyrilamine nasal solution,-1
2813,pyrimethamine,4993
2814,pyrimethamine oral tablet,-1
2815,pyrithione,1570
2816,pyrithioxin,14190
2817,pyroglutamate,7405
2818,pyruvate,107735
2819,pyrvinium,5281035
2820,quazepam,4999
2821,quercetin,5280343
2822,quetiapine,5002
2823,quinacrine,237
2824,quinagolide,3086401
2825,quinapril,54892
2826,quinapril oral tablet,-1
2827,quinate,6508
2828,quinidine,441074
2829,quinidine oral capsule,-1
2830,quinine,3034034
2831,quinupristin,5388937
2832,rabbit anti-human t-lymphocyte globulin,-1
2833,rabeprazole,5029
2834,rabies immune globulin,-1
2835,rabies virus vaccine flury-lep strain,-1
2836,rabies virus vaccine wistar strain pm-1503-3m (human),-1
2837,racecadotril,107751
2838,racemethionine,876
2839,racepinephrine,838
2840,radium,6328144
2841,radium chloride ra-223,-1
2842,raloxifene,5035
2843,raltegravir,54671008
2844,raltitrexed,135400182
2845,ramelteon,208902
2846,ramipril,5362129
2847,ramipril oral tablet,-1
2848,ramiprilat,5464096
2849,ramucirumab,-1
2850,ranibizumab,-1
2851,ranitidine,3001055
2852,ranolazine,56959
2853,rasagiline,3052776
2854,rasburicase,-1
2855,ravulizumab,-1
2856,razoxane,30623
2857,rdna origin,-1
2858,reboxetine,127151
2859,red yeast rice,-1
2860,regadenoson,219024
2861,regorafenib,11167602
2862,regular,-1
2863,regular insulin,-1
2864,remifentanil,60815
2865,remoxipride,54477
2866,repaglinide,65981
2867,reproterol,25654
2868,reserpine,5770
2869,reserpine oral tablet,-1
2870,reslizumab,-1
2871,resorcinol,5054
2872,resorcinol vaginal cream,-1
2873,resveratrol,445154
2874,retapamulin,6918462
2875,reteplase,-1
2876,revefenacin,11753673
2877,reviparin,772
2878,rho(d) immune globulin,-1
2879,ribavirin,37542
2880,ribociclib,44631912
2881,riboflavin,493570
2882,riboflavin 5'-phosphate,643976
2883,ribose,10975657
2884,rice oil,-1
2885,rifabutin,135398743
2886,rifampin,135398735
2887,rifampin oral tablet,-1
2888,rifamycins,12314962
2889,rifapentine,135403821
2890,rifaximin,6436173
2891,rilmenidine,68712
2892,rilonacept,-1
2893,rilpivirine,6451164
2894,rilpivirine oral tablet,-1
2895,riluzole,5070
2896,rimantadine,5071
2897,rimexolone,5311412
2898,rinfabate,-1
2899,riociguat,11304743
2900,risankizumab,-1
2901,risedronate,5245
2902,risedronic acid,5245
2903,risperidone,5073
2904,ritodrine,33572
2905,ritonavir,392622
2906,ritonavir extended release oral tablet,-1
2907,ritonavir oral tablet,-1
2908,rituximab,-1
2909,rivaroxaban,9875401
2910,rivastigmine,77991
2911,rizatriptan,5078
2912,rna,-1
2913,rocuronium,441290
2914,rofecoxib,5090
2915,roflumilast,449193
2916,rolapitant,10311306
2917,romidepsin,5352062
2918,romifidine,71969
2919,romiplostim,-1
2920,romosozumab,-1
2921,ropinirole,5095
2922,ropivacaine,175805
2923,rosa canina fruit oil,-1
2924,rose bengal,32343
2925,rose oil,-1
2926,rosemary oil,-1
2927,rosiglitazone,77999
2928,rosiglitazone oral tablet,-1
2929,rosin,5280656
2930,rosuvastatin,446157
2931,rotavirus vaccine,-1
2932,rotigotine,59227
2933,roxatidine,91276
2934,roxithromycin,6915744
2935,royal jelly,-1
2936,royal jelly chewable tablet,-1
2937,rubidium,5357696
2938,rubidium chloride,62683
2939,rucaparib,9931954
2940,rufinamide,129228
2941,rutin,5280805
2942,ruxolitinib,25126798
2943,s typhi ty2 strain,-1
2944,s-adenosylmethionine,34755
2945,saccharate,33037
2946,saccharin,5143
2947,saccharomyces boulardii,-1
2948,saccharomyces cerevisiae,-1
2949,sacrosidase,-1
2950,sacubitril,9811834
2951,safflower oil,-1
2952,safinamide,131682
2953,sage extract,-1
2954,sage oil,-1
2955,salicin,439503
2956,salicylamide,5147
2957,salicylamide oral tablet,-1
2958,salicylic acid,338
2959,salicylic acid medicated liquid soap,-1
2960,salicylic acid topical ointment,-1
2961,salix alba bark extract,-1
2962,salmeterol,5152
2963,salmeterol metered dose inhaler,-1
2964,salmon calcitonin,16129616
2965,salmon oil,-1
2966,salsalate,5161
2967,samarium,23951
2968,samarium sm153,114941
2969,santonin,221071
2970,sapropterin,135398654
2971,saquinavir,441243
2972,sarcosine,1088
2973,sarecycline,54681908
2974,sargramostim,-1
2975,sarilumab,-1
2976,sarracenia purpurea preparation,-1
2977,satraplatin,6918220
2978,saw palmetto extract,-1
2979,saxagliptin,11243969
2980,saxagliptin extended release oral tablet,-1
2981,scopolamine,3000322
2982,scopolamine oral solution,-1
2983,sea salt,5234
2984,sebelipase alfa,-1
2985,secnidazole,71815
2986,secobarbital,5193
2987,secretin,16129665
2988,secukinumab,-1
2989,selegiline,26757
2990,selenious acid,1091
2991,selenite,1090
2992,selenium,6326970
2993,selenium sulfide,24011
2994,selexipag,9913767
2995,selinexor,71481097
2996,semaglutide,56843331
2997,senna leaves,-1
2998,sennoside b,91440
2999,sennosides,5199
3000,serine,5951
3001,sermorelin,16132413
3002,serotonin,5202
3003,serratiopeptidase,-1
3004,sertaconazole,65863
3005,sertindole,60149
3006,sertraline,68617
3007,sesame oil,-1
3008,sevelamer,3085017
3009,sevoflurane,5206
3010,shark liver oil,-1
3011,shea butter,-1
3012,short ragweed pollen extract,-1
3013,sibutramine,5210
3014,sildenafil,135398744
3015,silicon,5461123
3016,silicon dioxide,24261
3017,silicon dioxide toothpaste,-1
3018,silodosin,5312125
3019,siltuximab,-1
3020,silver nitrate,24470
3021,silver sulfadiazine,441244
3022,silybum marianum seed oil,-1
3023,silymarin,5213
3024,simeprevir,24873435
3025,simethicone,6433516
3026,simethicone oral tablet,-1
3027,simethicone topical gel,-1
3028,simvastatin,54454
3029,simvastatin extended release oral tablet,-1
3030,simvastatin oral tablet,-1
3031,sincalide,9833444
3032,sinecatechins,-1
3033,siponimod,44599207
3034,sipuleucel-t,-1
3035,sirolimus,5284616
3036,sitagliptin,4369359
3037,sitagliptin extended release oral tablet,-1
3038,smallpox vaccine,-1
3039,sobrerol,91463
3040,sodium,5360545
3041,sodium acetate,517045
3042,sodium ascorbate,23667548
3043,sodium bicarbonate,516892
3044,sodium bicarbonate effervescent oral tablet,-1
3045,sodium bicarbonate oral suspension,-1
3046,sodium bicarbonate rectal suppository,-1
3047,sodium bisulfite,23665763
3048,sodium bromide,253881
3049,sodium carbonate,10340
3050,sodium chlorate,516902
3051,sodium chloride,5234
3052,sodium chlorite,23668197
3053,sodium citrate,6224
3054,sodium citrate oral solution,-1
3055,sodium ferric gluconate complex,23693558
3056,sodium fluoride,5235
3057,sodium fluoride toothpaste,-1
3058,sodium gluconate,23672301
3059,sodium hydroxide,14798
3060,sodium iodide,5238
3061,sodium iodide i131,-1
3062,sodium iodide topical solution,-1
3063,sodium morrhuate,131750168
3064,sodium nitrate,24268
3065,sodium oxybate,23663870
3066,sodium perborate,-1
3067,sodium pertechnetate tc 99m,23689036
3068,sodium phosphate,24243
3069,sodium phosphate injectable suspension,-1
3070,sodium phosphate p32,-1
3071,sodium polystyrene sulfonate,75905
3072,sodium propionate,2723816
3073,sodium selenate,25960
3074,sodium silicate,23266
3075,sodium stibogluconate,16683012
3076,sodium succinate,9020
3077,sodium sulfate,24436
3078,sodium sulfide,237873
3079,sodium tartrate,13355
3080,sodium tetradecyl sulfate,23665770
3081,sodium thiosulfate,24477
3082,sodium zirconium cyclosilicate,-1
3083,sofosbuvir,45375808
3084,sofosbuvir oral tablet,-1
3085,solifenacin,154059
3086,solriamfetol,10130337
3087,somatostatin,16129706
3088,somatrem,-1
3089,somatropin,-1
3090,sonidegib,24775005
3091,sorafenib,216239
3092,sorbate,1549237
3093,sorbitol,5780
3094,sotalol,5253
3095,soybean lecithin,6438359
3096,soybean oil,-1
3097,sparfloxacin,60464
3098,spearmint oil,7439
3099,spectinomycin,15541
3100,spinosad,56841558
3101,spiramycin,6419898
3102,spiramycin oral tablet,-1
3103,spirapril,5311447
3104,spironolactone,5833
3105,spironolactone oral tablet,-1
3106,spirulina,-1
3107,st. john's wort extract,-1
3108,stannous fluoride,24550
3109,stanozolol,25249
3110,starch,145864875
3111,stavudine,18283
3112,stavudine oral tablet,-1
3113,stearate,3033836
3114,stiripentol,5311454
3115,streptococcus pneumoniae serotype 9v capsular antigen diphtheria crm197 protein conjugate vaccine,-1
3116,streptodornase,-1
3117,streptokinase,-1
3118,streptokinase topical solution,-1
3119,streptomycin,19649
3120,streptozocin,29327
3121,strontium,5359327
3122,strontium chloride,5362485
3123,strontium nitrate,24848
3124,succimer,2724354
3125,succinic acid,1110
3126,succinylated gelatin,-1
3127,succinylcholine,5314
3128,sucralfate,121494085
3129,sucralose,71485
3130,sucroferric oxyhydroxide,91663255
3131,sucrose,5988
3132,sufentanil,41693
3133,sugammadex,6918585
3134,sulbactam,130313
3135,sulbactam injection,-1
3136,sulbactam oral tablet,-1
3137,sulbenicillin,20055036
3138,sulbutiamine,20055424
3139,sulconazole,5318
3140,sulfacetamide,5320
3141,sulfacetamide ophthalmic suspension,-1
3142,sulfadiazine,5215
3143,sulfadiazine oral suspension,-1
3144,sulfadimethoxine,5323
3145,sulfadoxine,17134
3146,sulfadoxine oral tablet,-1
3147,sulfamerazine,5325
3148,sulfamethazine,5327
3149,sulfamethizole,5328
3150,sulfamethoxazole,5329
3151,sulfamethoxypyridazine,5330
3152,sulfametrole,64939
3153,sulfanilamide,5333
3154,sulfapyridine,5336
3155,sulfasalazine,5339
3156,sulfinpyrazone,5342
3157,sulfisoxazole,5344
3158,sulfur,5362487
3159,sulfur hexafluoride,17358
3160,sulfur medicated pad,-1
3161,sulfur topical lotion,-1
3162,sulfurated lime,-1
3163,sulfuric acid,1118
3164,sulindac,1548887
3165,sulpiride,5355
3166,sulthiame,5356
3167,sultopride,5357
3168,sumatriptan,5358
3169,sunflower lecithin,-1
3170,sunflower oil,-1
3171,sunitinib,5329102
3172,suprofen,5359
3173,suramin,5361
3174,suvorexant,24965990
3175,synephrine,7172
3176,synthetic conjugated estrogens,-1
3177,tacalcitol,5283734
3178,tacrine,1935
3179,tacrolimus,445643
3180,tadalafil,110635
3181,tadenan,12620
3182,tafamidis,11001318
3183,tafenoquine,115358
3184,tafluprost,9868491
3185,tagraxofusp,-1
3186,talazoparib,135565082
3187,talc,26924
3188,taliglucerase alfa,-1
3189,talinolol,68770
3190,talniflumate,48229
3191,tamoxifen,2733526
3192,tamsulosin,129211
3193,tamsulosin oral capsule,-1
3194,tapentadol,9838022
3195,tartaric acid,875
3196,tartrate,3806114
3197,tasimelteon,10220503
3198,taurine,1123
3199,tavaborole,11499245
3200,tazarotene,5381
3201,tazobactam,123630
3202,tazobactam injectable solution,-1
3203,tazobactam injection,-1
3204,tea leaf extract,-1
3205,tea leaf oil,-1
3206,tea tree oil,22833361
3207,technetium 99m,26476
3208,technetium tc 99m medronate,131704315
3209,technetium tc 99m sestamibi,5384
3210,technetium tc 99m sulfur colloid,76957057
3211,technetium tc-99m pyrophosphate,6452753
3212,technetium tc-99m red blood cells,-1
3213,tedizolid,11234049
3214,teduglutide,16139605
3215,teferrol,131750211
3216,tegafur,5386
3217,tegaserod,135409453
3218,teicoplanin,133065662
3219,telaprevir,3010818
3220,telavancin,3081362
3221,telbivudine,159269
3222,telithromycin,3002190
3223,telmisartan,65999
3224,telmisartan oral tablet,-1
3225,telotristat,25025298
3226,telotristat ethyl,25181577
3227,temazepam,5391
3228,temocillin,171758
3229,temoporfin,60751
3230,temozolomide,5394
3231,temsirolimus,6918289
3232,tenecteplase,-1
3233,teniposide,452548
3234,tenofovir,464205
3235,tenofovir alafenamide,9574768
3236,tenofovir alafenamide oral tablet,-1
3237,tenofovir disoproxil,5481350
3238,tenofovir disoproxil oral tablet,-1
3239,tenoxicam,54677971
3240,terazosin,5401
3241,terbinafine,1549008
3242,terbutaline,5403
3243,terconazole,441383
3244,terfenadine,5405
3245,teriflunomide,54684141
3246,teriparatide,16133850
3247,terizidone,65720
3248,terlipressin,72081
3249,terodiline,23480
3250,tertatolol,36920
3251,tesamorelin,16137828
3252,testosterone,6013
3253,testosterone injectable suspension,-1
3254,testosterone oral tablet,-1
3255,tetanus toxin,-1
3256,tetanus toxoid vaccine,-1
3257,tetrabenazine,6018
3258,tetracaine,5411
3259,tetracaine medicated patch,-1
3260,tetracycline,54675776
3261,tetrahydrozoline,5419
3262,tetrazepam,25215
3263,tetrofosmin,4274
3264,tezacaftor,46199646
3265,tezacaftor oral tablet,-1
3266,thalidomide,5426
3267,thallium,5359464
3268,thallous chloride tl201,-1
3269,theanine,439378
3270,theobromine,5429
3271,theodrenaline oral tablet,-1
3272,theophylline,2153
3273,theophylline oral tablet,-1
3274,thiabendazole,5430
3275,thiamine,1130
3276,thiamine oral tablet,-1
3277,thiamphenicol,27200
3278,thiamylal,3032285
3279,thiethylperazine,5440
3280,thimerosal,16684434
3281,thiocolchicoside,9915886
3282,thioctate,5460326
3283,thioguanine,2723601
3284,thiopental,3000715
3285,thioridazine,5452
3286,thiotepa,5453
3287,thiothixene,941651
3288,threonate,5460407
3289,thrombin,65045
3290,thrombin medicated patch,-1
3291,thymalfasin,16130571
3292,thyme oil,6850745
3293,thymine,1135
3294,thymol,6989
3295,thymol topical powder,-1
3296,thymomodulin,-1
3297,thymopentin,451417
3298,thymus oil,-1
3299,thyroglobulin,-1
3300,thyroid,23666112
3301,thyroid (usp),-1
3302,thyrotropin,-1
3303,thyrotropin alfa,-1
3304,tiagabine,60648
3305,tianeptine,68870
3306,tiapride,5467
3307,tiaprofenate,-1
3308,tibolone,444008
3309,ticagrelor,9871419
3310,ticarcillin,36921
3311,tice strain,-1
3312,ticlopidine,5472
3313,tigecycline,54686904
3314,tildrakizumab,-1
3315,tilidine,30131
3316,tilidine oral capsule,-1
3317,tiludronate,60937
3318,tiludronic acid,60937
3319,timolol,33624
3320,timolol ophthalmic solution,-1
3321,timothy grass pollen extract,-1
3322,tinidazole,5479
3323,tinzaparin,772
3324,tioconazole,5482
3325,tiopronin,5483
3326,tiotropium,5487427
3327,tiotropium metered dose inhaler,-1
3328,tipiracil,6323266
3329,tipranavir,54682461
3330,tiratricol,5803
3331,tirofiban,60947
3332,tiropramide,42262
3333,tisagenlecleucel,-1
3334,titanium,23963
3335,titanium dioxide,26042
3336,titanium dioxide topical cream,-1
3337,tixocortol,162955
3338,tizanidine,5487
3339,tobramycin,36294
3340,tobramycin ophthalmic suspension,-1
3341,tocainide,38945
3342,tocilizumab,-1
3343,tocopherol,-1
3344,tocopheryl nicotinate,27990
3345,tocotrienols,9929901
3346,tofacitinib,9926791
3347,tofisopam,5502
3348,tolazamide,5503
3349,tolazoline,5504
3350,tolbutamide,5505
3351,tolcapone,4659569
3352,tolfenamic acid,610479
3353,tolmetin,5509
3354,tolnaftate,5510
3355,tolperisone,5511
3356,tolrestat,53359
3357,tolterodine,443879
3358,toluene,1140
3359,tolvaptan,216237
3360,topiramate,5284627
3361,topiramate extended release oral capsule,-1
3362,topotecan,60700
3363,toremifene,3005573
3364,torsemide,41781
3365,tositumomab,-1
3366,trabectedin,108150
3367,tramadol,33741
3368,tramadol oral capsule,-1
3369,tramazoline,5524
3370,trametinib,11707110
3371,trandolapril,5484727
3372,tranexamic acid,5526
3373,tranilast,5282230
3374,tranylcypromine,19493
3375,trapidil,5531
3376,trastuzumab,-1
3377,trastuzumab injection,-1
3378,travoprost,5282226
3379,trazodone,5533
3380,trehalose,7427
3381,trenbolone,25015
3382,treosulfan,9882105
3383,trepibutone,5536
3384,treprostinil,6918140
3385,tretinoin,444795
3386,tretinoin topical gel,-1
3387,tretinoin topical solution,-1
3388,triacetin,5541
3389,triamcinolone,31307
3390,triamcinolone topical ointment,-1
3391,triamcinolone topical solution,-1
3392,triamterene,5546
3393,triamterene oral tablet,-1
3394,triazolam,5556
3395,triazulenone,3033860
3396,tribenoside,196122
3397,tribulus,-1
3398,tricalcium phosphate,24456
3399,tricaprylin,10850
3400,trichlormethiazide,5560
3401,trichloroacetaldehyde,6407
3402,trichloroacetate,119236
3403,trichophyton antigen,-1
3404,triclabendazole,50248
3405,triclocarban,7547
3406,triclofos,5563
3407,triclosan,5564
3408,triclosan toothpaste,-1
3409,trientine,5565
3410,trifluoperazine,5566
3411,trifluridine,6256
3412,trifluridine oral tablet,-1
3413,triflusal,9458
3414,trihexyphenidyl,5572
3415,trilostane,656583
3416,trimebutine,5573
3417,trimeprazine,5574
3418,trimetazidine,21109
3419,trimethadione,5576
3420,trimethobenzamide,5577
3421,trimethoprim,5578
3422,trimethoprim injection,-1
3423,trimethoprim ophthalmic solution,-1
3424,trimethoprim oral powder,-1
3425,trimethoprim oral tablet,-1
3426,trimethylphloroglucinol,193390
3427,trimethylphloroglucinol rectal suppository,-1
3428,trimetrexate,5583
3429,trimipramine,5584
3430,triolein,5497163
3431,tripelennamine,5587
3432,triprolidine,5282443
3433,triprolidine oral suspension,-1
3434,triptorelin,25074470
3435,trofosfamide,65702
3436,trolamine salicylate,25213
3437,troleandomycin,202225
3438,tromethamine,6503
3439,tropatepine,198068
3440,tropicamide,5593
3441,tropicamide ophthalmic solution,-1
3442,tropisetron,656665
3443,tropolone,10789
3444,trospium,5284632
3445,trovafloxacin,62959
3446,troxerutin,5486699
3447,troxerutin oral tablet,-1
3448,trypan blue,6296
3449,trypsin,5311489
3450,tryptophan,6305
3451,tuberculin,-1
3452,tulobuterol,5606
3453,turmeric oil,969516
3454,type 2 (mef-1),-1
3455,typhoid vi polysaccharide vaccine,-1
3456,tyramine,5610
3457,tyrosine,6057
3458,ubiquinol,9962735
3459,ubiquinone,5281915
3460,ulipristal,13559281
3461,ultralente insulin,24839622
3462,umeclidinium,11519070
3463,undecylenate,5634
3464,unithiol,2724039
3465,unoprostone,5311236
3466,upadacitinib,58557659
3467,uracil,1174
3468,uracil oral capsule,-1
3469,urapidil,5639
3470,urea,1176
3471,urea c-13,636363
3472,urea topical cream,-1
3473,urea topical lotion,-1
3474,uric acid,1175
3475,uridine triacetate,20058
3476,urofollitropin,62819
3477,urokinase,-1
3478,ursodeoxycholate,31401
3479,ursolate,7163175
3480,urtica dioica leaf extract,-1
3481,usnic acid,5646
3482,usp,146160376
3483,usp oral tablet,-1
3484,ustekinumab,-1
3485,valacyclovir,135398742
3486,valbenazine,24795069
3487,valdecoxib,119607
3488,valerate,114781
3489,valerian root extract,-1
3490,valganciclovir,135413535
3491,valine,6287
3492,valine oral tablet,-1
3493,valproate,3121
3494,valrubicin,454216
3495,valsartan,60846
3496,valsartan oral tablet,-1
3497,vancomycin,14969
3498,vandetanib,3081361
3499,vardenafil,135400189
3500,varenicline,170361
3501,varicella zoster virus glycoprotein e,-1
3502,varicella-zoster immune globulin,-1
3503,varicella-zoster virus vaccine live (oka-merck) strain,-1
3504,vasopressin (usp),-1
3505,vecuronium,39765
3506,vedolizumab,-1
3507,velaglucerase alfa,-1
3508,velpatasvir,67683363
3509,velpatasvir oral tablet,-1
3510,vemurafenib,42611257
3511,venetoclax,49846579
3512,venlafaxine,5656
3513,veralipride,47979
3514,verapamil,2520
3515,verapamil extended release oral tablet,-1
3516,verteporfin,11980904
3517,vestronidase alfa,-1
3518,vibrio cholerae,-1
3519,vidarabine,21704
3520,vigabatrin,5665
3521,vilanterol,10184665
3522,vilanterol dry powder inhaler,-1
3523,vilazodone,6918314
3524,vildagliptin,6918537
3525,viloxazine,5666
3526,vinblastine,13342
3527,vincamine,15376
3528,vincristine,5978
3529,vincristine liposome,-1
3530,vindesine,40839
3531,vinorelbine,5311497
3532,vinpocetine,443955
3533,viscum album leaf extract,-1
3534,vismodegib,24776445
3535,vitamin a,445354
3536,vitamin b 12,16686079
3537,vitamin b 12 disintegrating oral tablet,-1
3538,vitamin b complex,1052
3539,vitamin b6,1054
3540,vitamin b6 oral solution,-1
3541,vitamin d,5280795
3542,vitamin d oral powder,-1
3543,vitamin d oral tablet,-1
3544,vitamin d oral wafer,-1
3545,vitamin d3,5280795
3546,vitamin e,14985
3547,vitamin e oral capsule,-1
3548,vitamin e oral tablet,-1
3549,vitamin k,5280483
3550,vitamin k 1,5284607
3551,vitamin k 2,-1
3552,vitamin k 3,4055
3553,vitis vinifera leaf extract,-1
3554,vitis vinifera leaf oil,-1
3555,von willebrand factor,-1
3556,vonicog alfa,-1
3557,vorapaxar,10077130
3558,voretigene neparvovec,-1
3559,voriconazole,71616
3560,vorinostat,5311
3561,vortioxetine,9966051
3562,voxilaprevir,89921642
3563,voxilaprevir oral tablet,-1
3564,warfarin,54678486
3565,water,962
3566,wheat,-1
3567,wheat dextrin,-1
3568,wheat germ oil,-1
3569,witch hazel,-1
3570,xanthan gum,-1
3571,xenon,23991
3572,xipamide,26618
3573,xipamide oral tablet,-1
3574,xylazine,5707
3575,xylene,-1
3576,xylitol,6912
3577,xylitol mouthwash,-1
3578,xylometazoline,5709
3579,xylose,135191
3580,yellow fever vaccine,-1
3581,yellow-fever virus vaccine,-1
3582,yohimbine,8969
3583,yttrium,23993
3584,zafirlukast,5717
3585,zalcitabine,24066
3586,zaleplon,5719
3587,zanamivir,60855
3588,zeaxanthin,5280899
3589,zeaxanthin oral tablet,-1
3590,ziconotide,16135415
3591,zidovudine,35370
3592,zidovudine oral tablet,-1
3593,zileuton,60490
3594,zinc,23994
3595,zinc acetate,11192
3596,zinc acetate topical spray,-1
3597,zinc carbonate,19005
3598,zinc chloride,5727
3599,zinc citrate,11023
3600,zinc gluconate,443445
3601,zinc orotate,108934
3602,zinc oxide,14806
3603,zinc oxide paste,-1
3604,zinc oxide topical cream,-1
3605,zinc oxide topical lotion,-1
3606,zinc oxide topical ointment,-1
3607,zinc oxide topical powder,-1
3608,zinc picolinate,9904746
3609,zinc pyrithione,26041
3610,zinc sulfate,24424
3611,zinc sulfate ophthalmic solution,-1
3612,ziprasidone,60854
3613,zirconium,23995
3614,zofenopril,92400
3615,zoledronic acid,68740
3616,zolmitriptan,60857
3617,zolpidem,5732
3618,zomepirac,5733
3619,zonisamide,5734
3620,zopiclone,5735
3621,zotepine,5736
3622,zuclopenthixol,5311507
